plugin,formid,editor_id,name,parent_location,keywords,modding_read,validation
Dawnguard.esm,Skyrim.esm:018EE9,BleakFallsBarrowLocation,,FalkreathHoldLocation (Skyrim.esm:01676F),LocSetNordicRuin (Skyrim.esm:0130F2); LocTypeDungeon (Skyrim.esm:0130DB); LocTypeDraugrCrypt (Skyrim.esm:0130E2); LocTypeClearable (Skyrim.esm:0F5E80),dungeon/pilgrimage/hostile-place candidate,extracted
Dawnguard.esm,Dawnguard.esm:00A87A,DLC1DarkfallCaveLocation,,TamrielLocation (Skyrim.esm:0130FF),,dungeon/pilgrimage/hostile-place candidate,extracted
Dawnguard.esm,Dawnguard.esm:01379F,DLC1FalmerValleyTempleLocation,,DLC1FalmerValleyLocation (Dawnguard.esm:00A87C),,temple/shrine/sacred-place candidate,extracted
Dawnguard.esm,Dawnguard.esm:00357F,DLC1ForebearsHoldhoutLocation,,HaafingarHoldLocation (Skyrim.esm:016770),,civic/hold context candidate,extracted
Dawnguard.esm,Dawnguard.esm:004D6E,DLC1HunterRadiantDungeonLocation,,FalkreathHoldLocation (Skyrim.esm:01676F),LocSetCave (Skyrim.esm:0130EF); LocTypeFalmerHive (Skyrim.esm:0130E4); LocTypeDungeon (Skyrim.esm:0130DB); LocTypeClearable (Skyrim.esm:0F5E80); LocSetDwarvenRuin (Skyrim.esm:0130F0),dungeon/pilgrimage/hostile-place candidate,extracted
Dawnguard.esm,Dawnguard.esm:003CFD,DLC1MolderingRuinsLocation,,WhiterunHoldLocation (Skyrim.esm:016772),LocTypeDungeon (Skyrim.esm:0130DB); LocTypeVampireLair (Skyrim.esm:0130EB); LocTypeClearable (Skyrim.esm:0F5E80); LocSetNordicRuin (Skyrim.esm:0130F2),dungeon/pilgrimage/hostile-place candidate,extracted
Dawnguard.esm,Dawnguard.esm:00357E,DLC1VampireCastleDungeonLocation,,DLC1VampireCastleLocation (Dawnguard.esm:004C20),,dungeon/pilgrimage/hostile-place candidate,extracted
Dawnguard.esm,Dawnguard.esm:00357D,DLC1VampireCastleGuildhallLocation,,DLC1VampireCastleLocation (Dawnguard.esm:004C20),,location context candidate,extracted
Dawnguard.esm,Skyrim.esm:016770,HaafingarHoldLocation,,TamrielLocation (Skyrim.esm:0130FF),LocTypeHold (Skyrim.esm:016771); BQActiveQuest (Skyrim.esm:0CBA99); CWOwner (Skyrim.esm:02A456); CWLostByTreaty (Skyrim.esm:0E725B); CWDiplomaticVictory (Skyrim.esm:10C5F1),civic/hold context candidate,extracted
Dawnguard.esm,Skyrim.esm:0C342D,HalloftheVigilantLocation,,PaleHoldLocation (Skyrim.esm:01676D),LocTypeClearable (Skyrim.esm:0F5E80),location context candidate,extracted
Dawnguard.esm,Skyrim.esm:10D4BA,HoldingCell,,,,civic/hold context candidate,extracted
Dawnguard.esm,Skyrim.esm:019199,HoneystrandCaveLocation,,RiftHoldLocation (Skyrim.esm:01676C),LocTypeClearable (Skyrim.esm:0F5E80); LocTypeAnimalDen (Skyrim.esm:0130DE); LocTypeDungeon (Skyrim.esm:0130DB),dungeon/pilgrimage/hostile-place candidate,extracted
Dawnguard.esm,Skyrim.esm:018A53,MorthalLocation,,HjaalmarchHoldLocation (Skyrim.esm:01676E),LocTypeTown (Skyrim.esm:013166); LocTypeHabitation (Skyrim.esm:039793); CWCapital (Skyrim.esm:01C4A2); CWCost (Skyrim.esm:02A455); CWOwner (Skyrim.esm:02A456); LocTypeHabitationHasInn (Skyrim.esm:0A6E84); WIComplexInteractionToggle (Skyrim.esm:0C4EC8); CWEventHappening (Skyrim.esm:0CAF5B); WIDragonAttacked (Skyrim.esm:079AEC); CWSiegePlayerRanAway (Skyrim.esm:0CE267); CWSiegeRunning (Skyrim.esm:0FDC31),sleep/travel/community candidate,extracted
Dawnguard.esm,Skyrim.esm:019292,ReachcliffCaveLocation,,ReachHoldLocation (Skyrim.esm:016769),LocTypeDraugrCrypt (Skyrim.esm:0130E2); LocSetCave (Skyrim.esm:0130EF); LocTypeDungeon (Skyrim.esm:0130DB); LocTypeClearable (Skyrim.esm:0F5E80),dungeon/pilgrimage/hostile-place candidate,extracted
Dawnguard.esm,Skyrim.esm:016769,ReachHoldLocation,,TamrielLocation (Skyrim.esm:0130FF),LocTypeHold (Skyrim.esm:016771); LocTypeHoldMajor (Skyrim.esm:0868E1); CWOwner (Skyrim.esm:02A456); BQActiveQuest (Skyrim.esm:0CBA99); CWLostByTreaty (Skyrim.esm:0E725B); CWDiplomaticVictory (Skyrim.esm:10C5F1),civic/hold context candidate,extracted
Dawnguard.esm,Skyrim.esm:01929D,ShimmermistCaveLocation,,WhiterunHoldLocation (Skyrim.esm:016772),LocTypeFalmerHive (Skyrim.esm:0130E4); LocSetCave (Skyrim.esm:0130EF); LocTypeDungeon (Skyrim.esm:0130DB); LocTypeClearable (Skyrim.esm:0F5E80),dungeon/pilgrimage/hostile-place candidate,extracted
Dawnguard.esm,Skyrim.esm:016772,WhiterunHoldLocation,,TamrielLocation (Skyrim.esm:0130FF),LocTypeHold (Skyrim.esm:016771); LocTypeHoldMajor (Skyrim.esm:0868E1); CWOwner (Skyrim.esm:02A456); BQActiveQuest (Skyrim.esm:0CBA99); CWLostByTreaty (Skyrim.esm:0E725B); CWDiplomaticVictory (Skyrim.esm:10C5F1),civic/hold context candidate,extracted
Dawnguard.esm,Skyrim.esm:018A51,WinterholdLocation,,WinterholdHoldLocation (Skyrim.esm:01676B),LocTypeTown (Skyrim.esm:013166); LocTypeHabitation (Skyrim.esm:039793); CWCapital (Skyrim.esm:01C4A2); CWCost (Skyrim.esm:02A455); CWOwner (Skyrim.esm:02A456); LocTypeHabitationHasInn (Skyrim.esm:0A6E84); WIComplexInteractionToggle (Skyrim.esm:0C4EC8); CWEventHappening (Skyrim.esm:0CAF5B); WIDragonAttacked (Skyrim.esm:079AEC); CWSiegePlayerRanAway (Skyrim.esm:0CE267); CWLostByTreaty (Skyrim.esm:0E725B); CWSiegeRunning (Skyrim.esm:0FDC31),civic/hold context candidate,extracted
Dawnguard.esm,Skyrim.esm:01EB7C,WinterholdTheFrozenHearthLocation,,WinterholdLocation (Skyrim.esm:018A51),LocTypeDwelling (Skyrim.esm:0130DC); LocTypeInn (Skyrim.esm:01CB87); Favor018TargetLocation (Skyrim.esm:03F4C5),civic/hold context candidate,extracted
Dragonborn.esm,Dragonborn.esm:03A07F,DLC2BloodskalBarrowBanditLocation,,DLC2SolstheimLocation (Dragonborn.esm:016E2A),LocTypeClearable (Skyrim.esm:0F5E80); LocTypeDungeon (Skyrim.esm:0130DB); LocSetNordicRuin (Skyrim.esm:0130F2); LocTypeBanditCamp (Skyrim.esm:0130DF),dungeon/pilgrimage/hostile-place candidate,extracted
Dragonborn.esm,Dragonborn.esm:0142B0,DLC2Book01DungeonLocation,,DLC2ApocryphaLocation (Dragonborn.esm:016E2B),,dungeon/pilgrimage/hostile-place candidate,extracted
Dragonborn.esm,Dragonborn.esm:01EE08,DLC2Book02DungeonLocationNEW,,DLC2ApocryphaLocation (Dragonborn.esm:016E2B),,dungeon/pilgrimage/hostile-place candidate,extracted
Dragonborn.esm,Dragonborn.esm:0142AF,DLC2Book03DungeonLocation,,DLC2ApocryphaLocation (Dragonborn.esm:016E2B),,dungeon/pilgrimage/hostile-place candidate,extracted
Dragonborn.esm,Dragonborn.esm:01EE06,DLC2Book04DungeonLocation,,DLC2ApocryphaLocation (Dragonborn.esm:016E2B),,dungeon/pilgrimage/hostile-place candidate,extracted
Dragonborn.esm,Dragonborn.esm:0142AC,DLC2Book05DungeonLocation,,DLC2ApocryphaLocation (Dragonborn.esm:016E2B),,dungeon/pilgrimage/hostile-place candidate,extracted
Dragonborn.esm,Dragonborn.esm:01EE07,DLC2Book06DungeonLocation,,DLC2ApocryphaLocation (Dragonborn.esm:016E2B),,dungeon/pilgrimage/hostile-place candidate,extracted
Dragonborn.esm,Dragonborn.esm:0142AE,DLC2Book07DungeonLocationNEW,,DLC2ApocryphaLocation (Dragonborn.esm:016E2B),,dungeon/pilgrimage/hostile-place candidate,extracted
Dragonborn.esm,Dragonborn.esm:032892,DLC2BristlebackCaveLocation,,DLC2SolstheimLocation (Dragonborn.esm:016E2A),LocTypeDungeon (Skyrim.esm:0130DB); LocTypeClearable (Skyrim.esm:0F5E80); DLC2LocTypeRieklingCamp (Dragonborn.esm:02972E); LocSetCaveIce (Skyrim.esm:100819),dungeon/pilgrimage/hostile-place candidate,extracted
Dragonborn.esm,Dragonborn.esm:0142C1,DLC2BrokenTuskMineLocation,,DLC2SolstheimLocation (Dragonborn.esm:016E2A),DLC2LocTypeRieklingCamp (Dragonborn.esm:02972E); LocTypeMine (Skyrim.esm:018EF1); LocTypeClearable (Skyrim.esm:0F5E80); LocTypeDungeon (Skyrim.esm:0130DB),dungeon/pilgrimage/hostile-place candidate,extracted
Dragonborn.esm,Dragonborn.esm:01429E,DLC2CastleKarstaagRuinsLocation,,DLC2SolstheimLocation (Dragonborn.esm:016E2A),LocTypeDungeon (Skyrim.esm:0130DB); LocTypeClearable (Skyrim.esm:0F5E80); DLC2LocTypeRieklingCamp (Dragonborn.esm:02972E),dungeon/pilgrimage/hostile-place candidate,extracted
Dragonborn.esm,Dragonborn.esm:03A42F,DLC2ColdcinderCaveLocation,,DLC2SolstheimLocation (Dragonborn.esm:016E2A),LocSetCave (Skyrim.esm:0130EF); DLC2LocTypeAshSpawn (Dragonborn.esm:02C969); LocTypeClearable (Skyrim.esm:0F5E80); LocTypeDungeon (Skyrim.esm:0130DB),dungeon/pilgrimage/hostile-place candidate,extracted
Dragonborn.esm,Dragonborn.esm:0296DA,DLC2DamphallMineLocation,,DLC2SolstheimLocation (Dragonborn.esm:016E2A),LocSetCave (Skyrim.esm:0130EF); LocTypeDungeon (Skyrim.esm:0130DB); LocTypeClearable (Skyrim.esm:0F5E80); LocTypeBanditCamp (Skyrim.esm:0130DF),dungeon/pilgrimage/hostile-place candidate,extracted
Dragonborn.esm,Dragonborn.esm:0142C4,DLC2GlacialCaveLocation,,DLC2SolstheimLocation (Dragonborn.esm:016E2A),LocTypeDungeon (Skyrim.esm:0130DB); LocTypeClearable (Skyrim.esm:0F5E80); DLC2LocTypeRieklingCamp (Dragonborn.esm:02972E); LocSetCaveIce (Skyrim.esm:100819),dungeon/pilgrimage/hostile-place candidate,extracted
Dragonborn.esm,Dragonborn.esm:0142A8,DLC2GyldenhulBarrowLocation,,DLC2SolstheimLocation (Dragonborn.esm:016E2A),LocTypeClearable (Skyrim.esm:0F5E80); LocTypeDungeon (Skyrim.esm:0130DB); LocSetNordicRuin (Skyrim.esm:0130F2),dungeon/pilgrimage/hostile-place candidate,extracted
Dragonborn.esm,Dragonborn.esm:03A4A1,DLC2HoldingCellBardLocation,,DLC2SolstheimLocation (Dragonborn.esm:016E2A),,civic/hold context candidate,extracted
Dragonborn.esm,Dragonborn.esm:017BAD,DLC2HrothmundsBarrowLocation,,DLC2SolstheimLocation (Dragonborn.esm:016E2A),LocSetCave (Skyrim.esm:0130EF),dungeon/pilgrimage/hostile-place candidate,extracted
Dragonborn.esm,Dragonborn.esm:0142BB,DLC2KolbjornBarrowLocation,,DLC2SolstheimLocation (Dragonborn.esm:016E2A),LocTypeDungeon (Skyrim.esm:0130DB); LocSetNordicRuin (Skyrim.esm:0130F2); LocTypeClearable (Skyrim.esm:0F5E80); LocTypeDraugrCrypt (Skyrim.esm:0130E2),dungeon/pilgrimage/hostile-place candidate,extracted
Dragonborn.esm,Dragonborn.esm:0143B9,DLC2RavenRockLocation,,DLC2SolstheimLocation (Dragonborn.esm:016E2A),LocTypeHabitation (Skyrim.esm:039793); LocTypeCity (Skyrim.esm:013168); LocTypeHabitationHasInn (Skyrim.esm:0A6E84); WIComplexInteractionToggle (Skyrim.esm:0C4EC8); WIDragonAttacked (Skyrim.esm:079AEC); WIDragonsToggle (Skyrim.esm:042890),civic/hold context candidate,extracted
Dragonborn.esm,Dragonborn.esm:01429A,DLC2RavenRockMineLocation,,DLC2SolstheimLocation (Dragonborn.esm:016E2A),LocTypeClearable (Skyrim.esm:0F5E80); LocTypeDungeon (Skyrim.esm:0130DB); LocTypeDraugrCrypt (Skyrim.esm:0130E2); LocSetNordicRuin (Skyrim.esm:0130F2),dungeon/pilgrimage/hostile-place candidate,extracted
Dragonborn.esm,Dragonborn.esm:01BFE4,DLC2RR01AttiusFarmLocation,,DLC2SolstheimLocation (Dragonborn.esm:016E2A),,location context candidate,extracted
Dragonborn.esm,Dragonborn.esm:019A1F,DLC2RRIenthFarmLocation,,DLC2RavenRockLocation (Dragonborn.esm:0143B9),LocTypeDwelling (Skyrim.esm:0130DC); LocTypeHouse (Skyrim.esm:01CB85),location context candidate,extracted
Dragonborn.esm,Dragonborn.esm:019A21,DLC2RRTempleLocation,,DLC2RavenRockLocation (Dragonborn.esm:0143B9),LocTypeDwelling (Skyrim.esm:0130DC); LocTypeTemple (Skyrim.esm:01CD56),temple/shrine/sacred-place candidate,extracted
Dragonborn.esm,Dragonborn.esm:024DFD,DLC2RRTempleTombLocation,,DLC2RavenRockLocation (Dragonborn.esm:0143B9),LocTypeDwelling (Skyrim.esm:0130DC); LocTypeTemple (Skyrim.esm:01CD56),temple/shrine/sacred-place candidate,extracted
Dragonborn.esm,Dragonborn.esm:0247C6,DLC2SnowcladRuinsLocation,,DLC2SolstheimLocation (Dragonborn.esm:016E2A),LocTypeClearable (Skyrim.esm:0F5E80); LocTypeWerebearLair (Dragonborn.esm:02C96A),dungeon/pilgrimage/hostile-place candidate,extracted
Dragonborn.esm,Dragonborn.esm:016E2A,DLC2SolstheimLocation,,,LocTypeHold (Skyrim.esm:016771),civic/hold context candidate,extracted
Dragonborn.esm,Dragonborn.esm:01D92C,DLC2SVGreathallLocation,,DLC2SkaalVillageLocation (Dragonborn.esm:0143BB),LocTypeDwelling (Skyrim.esm:0130DC); LocTypeHouse (Skyrim.esm:01CB85),location context candidate,extracted
Dragonborn.esm,Dragonborn.esm:0142B6,DLC2TempleOfMiraakLocation,,DLC2SolstheimLocation (Dragonborn.esm:016E2A),LocTypeClearable (Skyrim.esm:0F5E80); LocTypeDraugrCrypt (Skyrim.esm:0130E2); LocSetNordicRuin (Skyrim.esm:0130F2); LocTypeDungeon (Skyrim.esm:0130DB); DLC2LocTypePillar (Dragonborn.esm:01DEBD),temple/shrine/sacred-place candidate,extracted
Dragonborn.esm,Dragonborn.esm:016FFE,DLC2ThirskMeadHallInteriorLocation,,DLC2ThirskMeadHallLocation (Dragonborn.esm:0143BA),LocTypeDwelling (Skyrim.esm:0130DC),location context candidate,extracted
Dragonborn.esm,Dragonborn.esm:0143BA,DLC2ThirskMeadHallLocation,,DLC2ThirskUnifyingDummyLocation (Dragonborn.esm:01A513),LocTypeHabitation (Skyrim.esm:039793); LocTypeSettlement (Skyrim.esm:013167); WIComplexInteractionToggle (Skyrim.esm:0C4EC8),location context candidate,extracted
Dragonborn.esm,Dragonborn.esm:0142BA,DLC2VahloksTombLocation,,DLC2SolstheimLocation (Dragonborn.esm:016E2A),LocSetNordicRuin (Skyrim.esm:0130F2); LocTypeDraugrCrypt (Skyrim.esm:0130E2); LocTypeClearable (Skyrim.esm:0F5E80); LocTypeDungeon (Skyrim.esm:0130DB),dungeon/pilgrimage/hostile-place candidate,extracted
Dragonborn.esm,Dragonborn.esm:0142BC,DLC2WhiteRidgeBarrowLocation,,DLC2SolstheimLocation (Dragonborn.esm:016E2A),LocTypeClearable (Skyrim.esm:0F5E80); LocTypeDungeon (Skyrim.esm:0130DB); LocTypeAnimalDen (Skyrim.esm:0130DE); LocSetNordicRuin (Skyrim.esm:0130F2),dungeon/pilgrimage/hostile-place candidate,extracted
Dragonborn.esm,Skyrim.esm:076F3A,WinterholdCollegeLocation,,WinterholdHoldLocation (Skyrim.esm:01676B),LocTypeGuild (Skyrim.esm:01CD5A); LocTypeHabitation (Skyrim.esm:039793); WIComplexInteractionToggle (Skyrim.esm:0C4EC8); WIDragonAttacked (Skyrim.esm:079AEC),civic/hold context candidate,extracted
HearthFires.esm,Skyrim.esm:018E38,KatlasFarmLocation,,HaafingarHoldLocation (Skyrim.esm:016770),LocTypeSettlement (Skyrim.esm:013167); LocTypeHabitation (Skyrim.esm:039793); LocTypeFarm (Skyrim.esm:018EF0); CWCost (Skyrim.esm:02A455); CWGarrisonNonContestable (Skyrim.esm:04143F); CWOwner (Skyrim.esm:02A456); CWPurchasedByAttacker (Skyrim.esm:042627); WIComplexInteractionToggle (Skyrim.esm:0C4EC8); CWEventHappening (Skyrim.esm:0CAF5B); WIDragonAttacked (Skyrim.esm:079AEC),location context candidate,extracted
HearthFires.esm,Skyrim.esm:01F313,MarkarthVlindrelHallLocation,,MarkarthLocation (Skyrim.esm:018A59),LocTypeDwelling (Skyrim.esm:0130DC); LocTypeHouse (Skyrim.esm:01CB85); LocTypePlayerHouse (Skyrim.esm:0FC1A3),location context candidate,extracted
HearthFires.esm,Skyrim.esm:018A53,MorthalLocation,,HjaalmarchHoldLocation (Skyrim.esm:01676E),LocTypeTown (Skyrim.esm:013166); LocTypeHabitation (Skyrim.esm:039793); CWCapital (Skyrim.esm:01C4A2); CWCost (Skyrim.esm:02A455); CWOwner (Skyrim.esm:02A456); LocTypeHabitationHasInn (Skyrim.esm:0A6E84); WIComplexInteractionToggle (Skyrim.esm:0C4EC8); CWEventHappening (Skyrim.esm:0CAF5B); WIDragonAttacked (Skyrim.esm:079AEC); CWSiegePlayerRanAway (Skyrim.esm:0CE267); CWSiegeRunning (Skyrim.esm:0FDC31),sleep/travel/community candidate,extracted
Skyrim.esm,Skyrim.esm:018EE6,AzurasStarInteriorLocation,Azura's Star Interior,,,location context candidate,extracted
Skyrim.esm,Skyrim.esm:018C8C,BarleydarkFarmLocation,Barleydark Farm,WhiterunHoldLocation (Skyrim.esm:016772),,location context candidate,extracted
Skyrim.esm,Skyrim.esm:03AFE8,BattleBornFarmInteriorLocation,Battle-Born Farm,BattleBornFarmLocation (Skyrim.esm:018C8D),LocTypeDwelling (Skyrim.esm:0130DC),location context candidate,extracted
Skyrim.esm,Skyrim.esm:018C8D,BattleBornFarmLocation,Battle-Born Farm,WhiterunHoldLocation (Skyrim.esm:016772),LocTypeSettlement (Skyrim.esm:013167); LocTypeHabitation (Skyrim.esm:039793); LocTypeFarm (Skyrim.esm:018EF0); CWGarrisonDefenderOnly (Skyrim.esm:01C4A4); CWOwner (Skyrim.esm:02A456); CWCost (Skyrim.esm:02A455); WIComplexInteractionToggle (Skyrim.esm:0C4EC8); CWEventHappening (Skyrim.esm:0CAF5B); WIDragonAttacked (Skyrim.esm:079AEC); WIDragonsToggle (Skyrim.esm:042890),location context candidate,extracted
Skyrim.esm,Skyrim.esm:018C8E,BearsCaveMillLocation,Bear's Cave Mill,FalkreathHoldLocation (Skyrim.esm:01676F),,dungeon/pilgrimage/hostile-place candidate,extracted
Skyrim.esm,Skyrim.esm:019269,BilegulchMineLocation,Bilegulch Mine,FalkreathHoldLocation (Skyrim.esm:01676F),LocTypeDungeon (Skyrim.esm:0130DB); LocTypeBanditCamp (Skyrim.esm:0130DF); LocTypeMine (Skyrim.esm:018EF1); LocTypeClearable (Skyrim.esm:0F5E80),dungeon/pilgrimage/hostile-place candidate,extracted
Skyrim.esm,Skyrim.esm:018EEA,BleakcoastCaveLocation,Bleakcoast Cave,WinterholdHoldLocation (Skyrim.esm:01676B),LocSetCave (Skyrim.esm:0130EF); LocTypeAnimalDen (Skyrim.esm:0130DE); LocTypeDungeon (Skyrim.esm:0130DB); LocTypeClearable (Skyrim.esm:0F5E80); LocSetCaveIce (Skyrim.esm:100819),dungeon/pilgrimage/hostile-place candidate,extracted
Skyrim.esm,Skyrim.esm:018EE9,BleakFallsBarrowLocation,Bleak Falls Barrow,FalkreathHoldLocation (Skyrim.esm:01676F),LocSetNordicRuin (Skyrim.esm:0130F2); LocTypeDungeon (Skyrim.esm:0130DB); LocTypeDraugrCrypt (Skyrim.esm:0130E2); LocTypeClearable (Skyrim.esm:0F5E80),dungeon/pilgrimage/hostile-place candidate,extracted
Skyrim.esm,Skyrim.esm:018EED,BlindCliffCaveLocation,Blind Cliff Cave,ReachHoldLocation (Skyrim.esm:016769),LocTypeClearable (Skyrim.esm:0F5E80); LocTypeDungeon (Skyrim.esm:0130DB); LocTypeHagravenNest (Skyrim.esm:0130E6); LocSetNordicRuin (Skyrim.esm:0130F2),dungeon/pilgrimage/hostile-place candidate,extracted
Skyrim.esm,Skyrim.esm:0F52DA,BoulderfallCaveLocation,Boulderfall Cave,RiftHoldLocation (Skyrim.esm:01676C),LocSetCave (Skyrim.esm:0130EF); LocTypeDungeon (Skyrim.esm:0130DB); LocTypeWarlockLair (Skyrim.esm:0130EC); LocTypeClearable (Skyrim.esm:0F5E80),dungeon/pilgrimage/hostile-place candidate,extracted
Skyrim.esm,Skyrim.esm:0BEDEE,BrandyMugFarmInteriorLocation,Brandy-Mug Farm,BrandyMugFarmLocation (Skyrim.esm:018C8F),LocTypeDwelling (Skyrim.esm:0130DC); LocTypeHouse (Skyrim.esm:01CB85),location context candidate,extracted
Skyrim.esm,Skyrim.esm:018C8F,BrandyMugFarmLocation,Brandy-Mug Farm,EastmarchHoldLocation (Skyrim.esm:01676A),LocTypeSettlement (Skyrim.esm:013167); LocTypeHabitation (Skyrim.esm:039793); LocTypeFarm (Skyrim.esm:018EF0); CWCost (Skyrim.esm:02A455); CWGarrisonNonContestable (Skyrim.esm:04143F); CWOwner (Skyrim.esm:02A456); WIComplexInteractionToggle (Skyrim.esm:0C4EC8); CWEventHappening (Skyrim.esm:0CAF5B); WIDragonAttacked (Skyrim.esm:079AEC),location context candidate,extracted
Skyrim.esm,Skyrim.esm:01914D,BrokenFangCaveLocation,Broken Fang Cave,WhiterunHoldLocation (Skyrim.esm:016772),LocTypeDungeon (Skyrim.esm:0130DB); LocTypeVampireLair (Skyrim.esm:0130EB); LocTypeClearable (Skyrim.esm:0F5E80); LocSetCave (Skyrim.esm:0130EF); LocTypeMilitaryFort (Skyrim.esm:0130E7),dungeon/pilgrimage/hostile-place candidate,extracted
Skyrim.esm,Skyrim.esm:046BAC,BronzeWaterCaveLocation,Bronze Water Cave,PaleHoldLocation (Skyrim.esm:01676D),LocTypeAnimalDen (Skyrim.esm:0130DE); LocTypeDungeon (Skyrim.esm:0130DB); LocTypeClearable (Skyrim.esm:0F5E80),dungeon/pilgrimage/hostile-place candidate,extracted
Skyrim.esm,Skyrim.esm:019150,BroodCavernLocation,Brood Cavern,HjaalmarchHoldLocation (Skyrim.esm:01676E),LocSetCave (Skyrim.esm:0130EF); LocTypeDungeon (Skyrim.esm:0130DB); LocTypeAnimalDen (Skyrim.esm:0130DE); LocTypeClearable (Skyrim.esm:0F5E80),dungeon/pilgrimage/hostile-place candidate,extracted
Skyrim.esm,Skyrim.esm:03AFEA,ChillfurrowFarmInteriorLocation,Chillfurrow Farm Interior,ChillfurrowFarmLocation (Skyrim.esm:018C90),LocTypeDwelling (Skyrim.esm:0130DC),location context candidate,extracted
Skyrim.esm,Skyrim.esm:018C90,ChillfurrowFarmLocation,Chillfurrow Farm,WhiterunHoldLocation (Skyrim.esm:016772),LocTypeSettlement (Skyrim.esm:013167); LocTypeHabitation (Skyrim.esm:039793); LocTypeFarm (Skyrim.esm:018EF0); CWGarrisonDefenderOnly (Skyrim.esm:01C4A4); CWOwner (Skyrim.esm:02A456); CWCost (Skyrim.esm:02A455); WIComplexInteractionToggle (Skyrim.esm:0C4EC8); CWEventHappening (Skyrim.esm:0CAF5B); WIDragonAttacked (Skyrim.esm:079AEC); WIDragonsToggle (Skyrim.esm:042890),location context candidate,extracted
Skyrim.esm,Skyrim.esm:018C91,CidhnaMineLocation,Cidhna Mine,MarkarthLocation (Skyrim.esm:018A59),WIDragonAttacked (Skyrim.esm:079AEC); LocTypeJail (Skyrim.esm:01CD59),location context candidate,extracted
Skyrim.esm,Skyrim.esm:019159,CragslaneCavernLocation,Cragslane Cavern,EastmarchHoldLocation (Skyrim.esm:01676A),SilverHandTarget (Skyrim.esm:09D6F8); LocTypeBanditCamp (Skyrim.esm:0130DF); LocTypeDungeon (Skyrim.esm:0130DB); LocTypeClearable (Skyrim.esm:0F5E80),dungeon/pilgrimage/hostile-place candidate,extracted
Skyrim.esm,Skyrim.esm:01915B,CronvangrHallLocation,Cronvangr Hall,EastmarchHoldLocation (Skyrim.esm:01676A),LocSetCave (Skyrim.esm:0130EF); LocTypeDungeon (Skyrim.esm:0130DB); LocTypeAnimalDen (Skyrim.esm:0130DE); LocTypeClearable (Skyrim.esm:0F5E80),dungeon/pilgrimage/hostile-place candidate,extracted
Skyrim.esm,Skyrim.esm:01915C,CrystaldriftCaveLocation,Crystaldrift Cave,RiftHoldLocation (Skyrim.esm:01676C),LocSetCave (Skyrim.esm:0130EF); LocTypeAnimalDen (Skyrim.esm:0130DE); LocTypeDungeon (Skyrim.esm:0130DB); LocTypeClearable (Skyrim.esm:0F5E80),dungeon/pilgrimage/hostile-place candidate,extracted
Skyrim.esm,Skyrim.esm:067984,CWCampsiteWinterholdLocation,,WinterholdHoldLocation (Skyrim.esm:01676B),CWCampsite (Skyrim.esm:0674F6),civic/hold context candidate,extracted
Skyrim.esm,Skyrim.esm:01915F,DarkwaterCavernLocation,Darkwater Pass,RiftHoldLocation (Skyrim.esm:01676C),LocSetCave (Skyrim.esm:0130EF); LocTypeDungeon (Skyrim.esm:0130DB); LocTypeFalmerHive (Skyrim.esm:0130E4); LocTypeClearable (Skyrim.esm:0F5E80),dungeon/pilgrimage/hostile-place candidate,extracted
Skyrim.esm,Skyrim.esm:020A10,DarkwaterCrossingGoldenRockMineLocation,Goldenrock Mine,DarkwaterCrossingLocation (Skyrim.esm:018A4D),LocTypeMine (Skyrim.esm:018EF1); LocTypeDwelling (Skyrim.esm:0130DC),location context candidate,extracted
Skyrim.esm,Skyrim.esm:02DE24,DawnstarIronBreakerMineLocation,Iron-Breaker Mine,DawnstarLocation (Skyrim.esm:018A50),LocTypeMine (Skyrim.esm:018EF1),location context candidate,extracted
Skyrim.esm,Skyrim.esm:02DE25,DawnstarQuicksilverMineLocation,Quicksilver Mine,DawnstarLocation (Skyrim.esm:018A50),LocTypeMine (Skyrim.esm:018EF1),location context candidate,extracted
Skyrim.esm,Skyrim.esm:020062,DawnstarTheWhiteHallLocation,The White Hall,DawnstarLocation (Skyrim.esm:018A50),LocTypeDwelling (Skyrim.esm:0130DC); LocTypeCastle (Skyrim.esm:01CD57); CWCapitalHQ (Skyrim.esm:0205ED); CWHQ (Skyrim.esm:0C6726),location context candidate,extracted
Skyrim.esm,Skyrim.esm:020065,DawnstarWindpeakInnLocation,Windpeak Inn,DawnstarLocation (Skyrim.esm:018A50),LocTypeDwelling (Skyrim.esm:0130DC); LocTypeInn (Skyrim.esm:01CB87),sleep/travel/community candidate,extracted
Skyrim.esm,Skyrim.esm:020006,DragonBridgeFarmLocation,Dragon Bridge Farm,DragonBridgeLocation (Skyrim.esm:018A46),LocTypeDwelling (Skyrim.esm:0130DC); LocTypeFarm (Skyrim.esm:018EF0); CWOwner (Skyrim.esm:02A456); CWGarrison (Skyrim.esm:01C4A3); CWPurchasedByAttacker (Skyrim.esm:042627); CWCost (Skyrim.esm:02A455); WIComplexInteractionToggle (Skyrim.esm:0C4EC8); CWEventHappening (Skyrim.esm:0CAF5B),location context candidate,extracted
Skyrim.esm,Skyrim.esm:01F7FE,DushnikhYalMineLocation,Dushnikh Yal Mine,DushnikhYalLocation (Skyrim.esm:019171),LocTypeDwelling (Skyrim.esm:0130DC); LocTypeMine (Skyrim.esm:018EF1),location context candidate,extracted
Skyrim.esm,Skyrim.esm:0998BE,E3DemoBleakFallsBarrowLocation,E3 Bleak Falls Barrow,FalkreathHoldLocation (Skyrim.esm:01676F),LocSetNordicRuin (Skyrim.esm:0130F2); LocTypeDungeon (Skyrim.esm:0130DB); LocTypeDraugrCrypt (Skyrim.esm:0130E2),dungeon/pilgrimage/hostile-place candidate,extracted
Skyrim.esm,Skyrim.esm:01676A,EastmarchHoldLocation,Eastmarch,TamrielLocation (Skyrim.esm:0130FF),LocTypeHold (Skyrim.esm:016771); BQActiveQuest (Skyrim.esm:0CBA99); CWOwner (Skyrim.esm:02A456); CWLostByTreaty (Skyrim.esm:0E725B); CWDiplomaticVictory (Skyrim.esm:10C5F1),civic/hold context candidate,extracted
Skyrim.esm,Skyrim.esm:0200BD,FalkreathCorpselightFarmLocation,Corpselight Farm,FalkreathLocation (Skyrim.esm:018A49),LocTypeDwelling (Skyrim.esm:0130DC); LocTypeFarm (Skyrim.esm:018EF0),location context candidate,extracted
Skyrim.esm,Skyrim.esm:0200BF,FalkreathDengeirsHallLocation,Dengeir's Hall,FalkreathLocation (Skyrim.esm:018A49),LocTypeDwelling (Skyrim.esm:0130DC); LocTypeHouse (Skyrim.esm:01CB85),location context candidate,extracted
Skyrim.esm,Skyrim.esm:01676F,FalkreathHoldLocation,Falkreath,TamrielLocation (Skyrim.esm:0130FF),LocTypeHold (Skyrim.esm:016771); LocTypeHoldMinor (Skyrim.esm:0868E3); CWOwner (Skyrim.esm:02A456); BQActiveQuest (Skyrim.esm:0CBA99); CWLostByTreaty (Skyrim.esm:0E725B); CWDiplomaticVictory (Skyrim.esm:10C5F1),civic/hold context candidate,extracted
Skyrim.esm,Skyrim.esm:019176,FallowstoneCaveLocation,Fallowstone Cave,RiftHoldLocation (Skyrim.esm:01676C),LocSetCave (Skyrim.esm:0130EF); LocTypeAnimalDen (Skyrim.esm:0130DE); LocTypeDungeon (Skyrim.esm:0130DB); LocTypeClearable (Skyrim.esm:0F5E80),dungeon/pilgrimage/hostile-place candidate,extracted
Skyrim.esm,Skyrim.esm:01917B,ForsakenCaveLocation,Forsaken Cave,PaleHoldLocation (Skyrim.esm:01676D),LocSetCave (Skyrim.esm:0130EF); LocTypeDraugrCrypt (Skyrim.esm:0130E2); LocTypeDungeon (Skyrim.esm:0130DB); LocTypeClearable (Skyrim.esm:0F5E80); LocSetCaveIce (Skyrim.esm:100819),dungeon/pilgrimage/hostile-place candidate,extracted
Skyrim.esm,Skyrim.esm:072B1C,FrostRiverFarmInteriorLocation,Frost River Farm,FrostRiverFarmLocation (Skyrim.esm:018E30),LocTypeDwelling (Skyrim.esm:0130DC); LocTypeHouse (Skyrim.esm:01CB85),location context candidate,extracted
Skyrim.esm,Skyrim.esm:018E30,FrostRiverFarmLocation,Frost River Farm,HjaalmarchHoldLocation (Skyrim.esm:01676E),,location context candidate,extracted
Skyrim.esm,Skyrim.esm:019188,GeirmundsHallLocation,Geirmund's Hall,RiftHoldLocation (Skyrim.esm:01676C),LocSetNordicRuin (Skyrim.esm:0130F2); LocTypeDungeon (Skyrim.esm:0130DB); LocTypeDraugrCrypt (Skyrim.esm:0130E2); LocTypeClearable (Skyrim.esm:0F5E80),dungeon/pilgrimage/hostile-place candidate,extracted
Skyrim.esm,Skyrim.esm:018E31,GloomboundMineLocation,Gloombound Mine,NarzulburLocation (Skyrim.esm:019282),LocTypeSettlement (Skyrim.esm:013167); LocTypeHabitation (Skyrim.esm:039793); LocTypeMine (Skyrim.esm:018EF1); WIComplexInteractionToggle (Skyrim.esm:0C4EC8); CWEventHappening (Skyrim.esm:0CAF5B); WIDragonAttacked (Skyrim.esm:079AEC),location context candidate,extracted
Skyrim.esm,Skyrim.esm:10FE2D,GloomboundMineMineLocation,Gloombound Mine,GloomboundMineLocation (Skyrim.esm:018E31),LocTypeDwelling (Skyrim.esm:0130DC); LocTypeMine (Skyrim.esm:018EF1),location context candidate,extracted
Skyrim.esm,Skyrim.esm:016770,HaafingarHoldLocation,Haafingar,TamrielLocation (Skyrim.esm:0130FF),LocTypeHold (Skyrim.esm:016771); BQActiveQuest (Skyrim.esm:0CBA99); CWOwner (Skyrim.esm:02A456); CWLostByTreaty (Skyrim.esm:0E725B); CWDiplomaticVictory (Skyrim.esm:10C5F1),civic/hold context candidate,extracted
Skyrim.esm,Skyrim.esm:019192,HalldirsCairnLocation,Halldir's Cairn,FalkreathHoldLocation (Skyrim.esm:01676F),LocSetCave (Skyrim.esm:0130EF); LocTypeDungeon (Skyrim.esm:0130DB); LocTypeDraugrCrypt (Skyrim.esm:0130E2); LocTypeClearable (Skyrim.esm:0F5E80),dungeon/pilgrimage/hostile-place candidate,extracted
Skyrim.esm,Skyrim.esm:0C342D,HalloftheVigilantLocation,Hall of the Vigilant,PaleHoldLocation (Skyrim.esm:01676D),LocTypeClearable (Skyrim.esm:0F5E80),location context candidate,extracted
Skyrim.esm,Skyrim.esm:019195,HighGateRuinsLocation,High Gate Ruins,PaleHoldLocation (Skyrim.esm:01676D),LocSetNordicRuin (Skyrim.esm:0130F2); LocTypeDungeon (Skyrim.esm:0130DB); LocTypeDragonPriestLair (Skyrim.esm:0130E1); LocTypeClearable (Skyrim.esm:0F5E80),dungeon/pilgrimage/hostile-place candidate,extracted
Skyrim.esm,Skyrim.esm:019196,HillgrundsTombLocation,Hillgrund's Tomb,PaleHoldLocation (Skyrim.esm:01676D),LocSetCave (Skyrim.esm:0130EF); LocTypeDungeon (Skyrim.esm:0130DB); LocTypeDraugrCrypt (Skyrim.esm:0130E2); LocTypeClearable (Skyrim.esm:0F5E80),dungeon/pilgrimage/hostile-place candidate,extracted
Skyrim.esm,Skyrim.esm:01676E,HjaalmarchHoldLocation,Hjaalmarch,TamrielLocation (Skyrim.esm:0130FF),LocTypeHold (Skyrim.esm:016771); LocTypeHoldMinor (Skyrim.esm:0868E3); CWOwner (Skyrim.esm:02A456); BQActiveQuest (Skyrim.esm:0CBA99); CWLostByTreaty (Skyrim.esm:0E725B); CWDiplomaticVictory (Skyrim.esm:10C5F1),civic/hold context candidate,extracted
Skyrim.esm,Skyrim.esm:01705D,HlaaluFarmInteriorLocation,Hlaalu Farm,HlaaluFarmLocation (Skyrim.esm:018E35),LocTypeHouse (Skyrim.esm:01CB85); LocTypeDwelling (Skyrim.esm:0130DC),location context candidate,extracted
Skyrim.esm,Skyrim.esm:018E35,HlaaluFarmLocation,Hlaalu Farm,EastmarchHoldLocation (Skyrim.esm:01676A),LocTypeSettlement (Skyrim.esm:013167); LocTypeHabitation (Skyrim.esm:039793); LocTypeFarm (Skyrim.esm:018EF0); CWCost (Skyrim.esm:02A455); CWGarrisonNonContestable (Skyrim.esm:04143F); CWOwner (Skyrim.esm:02A456); WIComplexInteractionToggle (Skyrim.esm:0C4EC8); CWEventHappening (Skyrim.esm:0CAF5B); WIDragonAttacked (Skyrim.esm:079AEC),location context candidate,extracted
Skyrim.esm,Skyrim.esm:019198,HobsFallCaveLocation,Hob's Fall Cave,WinterholdHoldLocation (Skyrim.esm:01676B),LocSetCave (Skyrim.esm:0130EF); LocTypeDungeon (Skyrim.esm:0130DB); LocTypeWarlockLair (Skyrim.esm:0130EC); LocTypeClearable (Skyrim.esm:0F5E80); LocSetCaveIce (Skyrim.esm:100819),dungeon/pilgrimage/hostile-place candidate,extracted
Skyrim.esm,Skyrim.esm:10D4BA,HoldingCell,,,,civic/hold context candidate,extracted
Skyrim.esm,Skyrim.esm:01705B,HollyfrostFarmInteriorLocation,Hollyfrost Farm,HollyfrostFarmLocation (Skyrim.esm:018E36),LocTypeDwelling (Skyrim.esm:0130DC); LocTypeHouse (Skyrim.esm:01CB85),location context candidate,extracted
Skyrim.esm,Skyrim.esm:018E36,HollyfrostFarmLocation,Hollyfrost Farm,EastmarchHoldLocation (Skyrim.esm:01676A),LocTypeSettlement (Skyrim.esm:013167); LocTypeHabitation (Skyrim.esm:039793); LocTypeFarm (Skyrim.esm:018EF0); CWCost (Skyrim.esm:02A455); CWGarrisonNonContestable (Skyrim.esm:04143F); CWOwner (Skyrim.esm:02A456); WIComplexInteractionToggle (Skyrim.esm:0C4EC8); CWEventHappening (Skyrim.esm:0CAF5B); WIDragonAttacked (Skyrim.esm:079AEC),location context candidate,extracted
Skyrim.esm,Skyrim.esm:019199,HoneystrandCaveLocation,Honeystrand Grove,RiftHoldLocation (Skyrim.esm:01676C),LocTypeClearable (Skyrim.esm:0F5E80); LocTypeAnimalDen (Skyrim.esm:0130DE); LocTypeDungeon (Skyrim.esm:0130DB),dungeon/pilgrimage/hostile-place candidate,extracted
Skyrim.esm,Skyrim.esm:0350BC,IronbindBarrowLocation,Ironbind Barrow,TamrielLocation (Skyrim.esm:0130FF),LocTypeDungeon (Skyrim.esm:0130DB); LocTypeDraugrCrypt (Skyrim.esm:0130E2); LocTypeClearable (Skyrim.esm:0F5E80); LocSetNordicRuin (Skyrim.esm:0130F2),dungeon/pilgrimage/hostile-place candidate,extracted
Skyrim.esm,Skyrim.esm:0226A7,IvarsteadFellstarFarmLocation,Ivarstead Fellstar Farm,IvarsteadLocation (Skyrim.esm:018A4B),LocTypeDwelling (Skyrim.esm:0130DC); LocTypeHouse (Skyrim.esm:01CB85),location context candidate,extracted
Skyrim.esm,Skyrim.esm:0226AA,IvarsteadVilemyrInnLocation,Ivarstead Vilemyr Inn,IvarsteadLocation (Skyrim.esm:018A4B),LocTypeDwelling (Skyrim.esm:0130DC); LocTypeInn (Skyrim.esm:01CB87),sleep/travel/community candidate,extracted
Skyrim.esm,Skyrim.esm:01F7BE,KarthwastenFennsGulchMineLocation,Fenn's Gulch Mine,KarthwastenLocation (Skyrim.esm:018A54),LocTypeDwelling (Skyrim.esm:0130DC); LocTypeMine (Skyrim.esm:018EF1),location context candidate,extracted
Skyrim.esm,Skyrim.esm:01F7BD,KarthwastenHallLocation,Karhwasten Hall,KarthwastenLocation (Skyrim.esm:018A54),LocTypeDwelling (Skyrim.esm:0130DC); LocTypeHouse (Skyrim.esm:01CB85),location context candidate,extracted
Skyrim.esm,Skyrim.esm:01F7C0,KarthwastenMinersBarracksLocation,Karthwasten Miner's Barracks,KarthwastenLocation (Skyrim.esm:018A54),LocTypeDwelling (Skyrim.esm:0130DC); LocTypeHouse (Skyrim.esm:01CB85),location context candidate,extracted
Skyrim.esm,Skyrim.esm:01F7BF,KarthwastenSanuarachMineLocation,Sanurach Mine,KarthwastenLocation (Skyrim.esm:018A54),LocTypeDwelling (Skyrim.esm:0130DC); LocTypeMine (Skyrim.esm:018EF1),location context candidate,extracted
Skyrim.esm,Skyrim.esm:01705C,KatlasFarmInteriorLocation,Katla's Farm,KatlasFarmLocation (Skyrim.esm:018E38),LocTypeHouse (Skyrim.esm:01CB85); LocTypeDwelling (Skyrim.esm:0130DC),location context candidate,extracted
Skyrim.esm,Skyrim.esm:018E38,KatlasFarmLocation,Katla's Farm,HaafingarHoldLocation (Skyrim.esm:016770),LocTypeSettlement (Skyrim.esm:013167); LocTypeHabitation (Skyrim.esm:039793); LocTypeFarm (Skyrim.esm:018EF0); CWCost (Skyrim.esm:02A455); CWGarrisonNonContestable (Skyrim.esm:04143F); CWOwner (Skyrim.esm:02A456); CWPurchasedByAttacker (Skyrim.esm:042627); WIComplexInteractionToggle (Skyrim.esm:0C4EC8); CWEventHappening (Skyrim.esm:0CAF5B); WIDragonAttacked (Skyrim.esm:079AEC),location context candidate,extracted
Skyrim.esm,Skyrim.esm:019260,KilkreathRuinsLocation,Kilkreath Ruins,HaafingarHoldLocation (Skyrim.esm:016770),LocSetNordicRuin (Skyrim.esm:0130F2); LocTypeDungeon (Skyrim.esm:0130DB); LocTypeDragonPriestLair (Skyrim.esm:0130E1),dungeon/pilgrimage/hostile-place candidate,extracted
Skyrim.esm,Skyrim.esm:0C2EF1,KjenstagRuinsLocation,Kjenstag Ruins,HjaalmarchHoldLocation (Skyrim.esm:01676E),,dungeon/pilgrimage/hostile-place candidate,extracted
Skyrim.esm,Skyrim.esm:018E39,KolskeggrMineLocation,Kolskeggr Mine,ReachHoldLocation (Skyrim.esm:016769),LocTypeHabitation (Skyrim.esm:039793); LocTypeSettlement (Skyrim.esm:013167); CWCost (Skyrim.esm:02A455); CWGarrison (Skyrim.esm:01C4A3); CWOwner (Skyrim.esm:02A456); CWPurchasedByAttacker (Skyrim.esm:042627); WIComplexInteractionToggle (Skyrim.esm:0C4EC8); CWEventHappening (Skyrim.esm:0CAF5B); WIDragonAttacked (Skyrim.esm:079AEC),location context candidate,extracted
Skyrim.esm,Skyrim.esm:01F7D4,KolskeggrMineMineLocation,Kolskeggr Mine,KolskeggrMineLocation (Skyrim.esm:018E39),LocTypeDwelling (Skyrim.esm:0130DC); LocTypeMine (Skyrim.esm:018EF1),location context candidate,extracted
Skyrim.esm,Skyrim.esm:01F7D3,KolskeggrMinePavosHouseLocation,Pavo's House,KolskeggrMineLocation (Skyrim.esm:018E39),LocTypeDwelling (Skyrim.esm:0130DC); LocTypeHouse (Skyrim.esm:01CB85),location context candidate,extracted
Skyrim.esm,Skyrim.esm:020A02,KynesgroveBraidwoodInnLocation,Braidwood Inn,KynesgroveLocation (Skyrim.esm:018A4E),LocTypeInn (Skyrim.esm:01CB87); LocTypeDwelling (Skyrim.esm:0130DC),sleep/travel/community candidate,extracted
Skyrim.esm,Skyrim.esm:020A07,KynesgroveSteamscorchGullyMineLocation,Steamscorch Gully Mine,KynesgroveLocation (Skyrim.esm:018A4E),LocTypeMine (Skyrim.esm:018EF1); LocTypeDwelling (Skyrim.esm:0130DC),orc community/sacred-place candidate,extracted
Skyrim.esm,Skyrim.esm:01F7B8,LeftHandMineDaighresHouseLocation,Daighre's House,LeftHandMineLocation (Skyrim.esm:018E3A),LocTypeDwelling (Skyrim.esm:0130DC); LocTypeHouse (Skyrim.esm:01CB85),location context candidate,extracted
Skyrim.esm,Skyrim.esm:018E3A,LeftHandMineLocation,Left Hand Mine,ReachHoldLocation (Skyrim.esm:016769),LocTypeSettlement (Skyrim.esm:013167); LocTypeHabitation (Skyrim.esm:039793); CWCost (Skyrim.esm:02A455); CWGarrisonDefenderOnly (Skyrim.esm:01C4A4); CWOwner (Skyrim.esm:02A456); WIComplexInteractionToggle (Skyrim.esm:0C4EC8); CWEventHappening (Skyrim.esm:0CAF5B); WIDragonAttacked (Skyrim.esm:079AEC); WIDragonsToggle (Skyrim.esm:042890),location context candidate,extracted
Skyrim.esm,Skyrim.esm:01F7B6,LeftHandMineMineLocation,Left Hand Mine,LeftHandMineLocation (Skyrim.esm:018E3A),LocTypeDwelling (Skyrim.esm:0130DC); LocTypeMine (Skyrim.esm:018EF1),location context candidate,extracted
Skyrim.esm,Skyrim.esm:01F7B7,LeftHandMineMinersBarracksLocation,Left Hand Miner's Barracks,LeftHandMineLocation (Skyrim.esm:018E3A),LocTypeDwelling (Skyrim.esm:0130DC); LocTypeHouse (Skyrim.esm:01CB85),location context candidate,extracted
Skyrim.esm,Skyrim.esm:01F7B5,LeftHandMineSkaggisHouseLocation,Skaggi's House,LeftHandMineLocation (Skyrim.esm:018E3A),LocTypeDwelling (Skyrim.esm:0130DC); LocTypeHouse (Skyrim.esm:01CB85),location context candidate,extracted
Skyrim.esm,Skyrim.esm:043D3A,LoreiusFarmhouseLocation,Loreius Farmhouse,LoreiusFarmLocation (Skyrim.esm:018E3B),LocTypeDwelling (Skyrim.esm:0130DC); LocTypeHouse (Skyrim.esm:01CB85),location context candidate,extracted
Skyrim.esm,Skyrim.esm:018E3B,LoreiusFarmLocation,Loreius Farm,PaleHoldLocation (Skyrim.esm:01676D),LocTypeSettlement (Skyrim.esm:013167); LocTypeHabitation (Skyrim.esm:039793); LocTypeFarm (Skyrim.esm:018EF0); CWCost (Skyrim.esm:02A455); CWGarrison (Skyrim.esm:01C4A3); CWOwner (Skyrim.esm:02A456); CWPurchasedByAttacker (Skyrim.esm:042627); WIComplexInteractionToggle (Skyrim.esm:0C4EC8); CWEventHappening (Skyrim.esm:0CAF5B); WIDragonAttacked (Skyrim.esm:079AEC),location context candidate,extracted
Skyrim.esm,Skyrim.esm:019266,LostEchoCaveLocation,Lost Echo Cave,FalkreathHoldLocation (Skyrim.esm:01676F),LocSetCave (Skyrim.esm:0130EF); LocTypeDungeon (Skyrim.esm:0130DB); LocTypeFalmerHive (Skyrim.esm:0130E4); LocTypeClearable (Skyrim.esm:0F5E80),dungeon/pilgrimage/hostile-place candidate,extracted
Skyrim.esm,Skyrim.esm:0D566B,LostProspectMineLocation,Lost Prospect Mine,RiftHoldLocation (Skyrim.esm:01676C),,location context candidate,extracted
Skyrim.esm,Skyrim.esm:0ECF53,MarasEyePondLocation,Mara's Eye Pond,EastmarchHoldLocation (Skyrim.esm:01676A),LocSetCave (Skyrim.esm:0130EF); LocTypeVampireLair (Skyrim.esm:0130EB); LocTypeClearable (Skyrim.esm:0F5E80); LocTypeDungeon (Skyrim.esm:0130DB),dungeon/pilgrimage/hostile-place candidate,extracted
Skyrim.esm,Skyrim.esm:024016,MarkarthHalloftheDeadLocation,Hall of the Dead,MarkarthLocation (Skyrim.esm:018A59),LocTypeCemetery (Skyrim.esm:01CD58); LocTypeTemple (Skyrim.esm:01CD56),temple/shrine/sacred-place candidate,extracted
Skyrim.esm,Skyrim.esm:0E2502,MarkarthRuinsLocation,Markarth Ruins,MarkarthLocation (Skyrim.esm:018A59),,dungeon/pilgrimage/hostile-place candidate,extracted
Skyrim.esm,Skyrim.esm:06E830,MarkarthShrineofTalosLocation,Shrine of Talos,MarkarthLocation (Skyrim.esm:018A59),,temple/shrine/sacred-place candidate,extracted
Skyrim.esm,Skyrim.esm:01F30E,MarkarthSilverBloodInnLocation,Silver-Blood Inn,MarkarthLocation (Skyrim.esm:018A59),LocTypeDwelling (Skyrim.esm:0130DC); LocTypeInn (Skyrim.esm:01CB87); TGBusiness (Skyrim.esm:061849),sleep/travel/community candidate,extracted
Skyrim.esm,Skyrim.esm:01F317,MarkarthTempleofDibellaLocation,Temple of Dibella,MarkarthLocation (Skyrim.esm:018A59),LocTypeDwelling (Skyrim.esm:0130DC); LocTypeTemple (Skyrim.esm:01CD56),temple/shrine/sacred-place candidate,extracted
Skyrim.esm,Skyrim.esm:01F313,MarkarthVlindrelHallLocation,Vlindrel Hall,MarkarthLocation (Skyrim.esm:018A59),LocTypeDwelling (Skyrim.esm:0130DC); LocTypeHouse (Skyrim.esm:01CB85); LocTypePlayerHouse (Skyrim.esm:0FC1A3),location context candidate,extracted
Skyrim.esm,Skyrim.esm:01706B,MerryfairFarmInteriorLocation,Merryfair Farm,MerryfairFarmLocation (Skyrim.esm:018E3C),LocTypeDwelling (Skyrim.esm:0130DC); LocTypeHouse (Skyrim.esm:01CB85),location context candidate,extracted
Skyrim.esm,Skyrim.esm:018E3C,MerryfairFarmLocation,Merryfair Farm,RiftHoldLocation (Skyrim.esm:01676C),LocTypeHabitation (Skyrim.esm:039793); LocTypeSettlement (Skyrim.esm:013167); LocTypeFarm (Skyrim.esm:018EF0); CWCost (Skyrim.esm:02A455); CWGarrisonDefenderOnly (Skyrim.esm:01C4A4); CWOwner (Skyrim.esm:02A456); WIComplexInteractionToggle (Skyrim.esm:0C4EC8); CWEventHappening (Skyrim.esm:0CAF5B); WIDragonAttacked (Skyrim.esm:079AEC); WIDragonsToggle (Skyrim.esm:042890),location context candidate,extracted
Skyrim.esm,Skyrim.esm:019279,MilitaryCampWinterholdImperialLocation,Imperial Military Camp,WinterholdHoldLocation (Skyrim.esm:01676B),LocTypeMilitaryCamp (Skyrim.esm:0130E8); LocSetMilitaryCamp (Skyrim.esm:01926A); LocTypeDungeon (Skyrim.esm:0130DB); CWCampImperial (Skyrim.esm:01C4A5); CWHQ (Skyrim.esm:0C6726),civic/hold context candidate,extracted
Skyrim.esm,Skyrim.esm:01927A,MilitaryCampWinterholdSonsLocation,Sons of Skyrim Military Camp,WinterholdHoldLocation (Skyrim.esm:01676B),LocSetMilitaryCamp (Skyrim.esm:01926A); LocTypeMilitaryCamp (Skyrim.esm:0130E8); LocTypeDungeon (Skyrim.esm:0130DB); CWCampSons (Skyrim.esm:01C4A6); CWHQ (Skyrim.esm:0C6726),civic/hold context candidate,extracted
Skyrim.esm,Skyrim.esm:01F802,MorKhazgurMineLocation,Mor Khazgur Mine,MorKhazgurLocation (Skyrim.esm:01927C),LocTypeDwelling (Skyrim.esm:0130DC); LocTypeMine (Skyrim.esm:018EF1),location context candidate,extracted
Skyrim.esm,Skyrim.esm:01EB9A,MorthalHighmoonHallLocation,Highmoon Hall,MorthalLocation (Skyrim.esm:018A53),LocTypeDwelling (Skyrim.esm:0130DC); LocTypeCastle (Skyrim.esm:01CD57); LocTypeStewardsDwelling (Skyrim.esm:0504F9); CWCapitalHQ (Skyrim.esm:0205ED); CWHQ (Skyrim.esm:0C6726),location context candidate,extracted
Skyrim.esm,Skyrim.esm:018A53,MorthalLocation,Morthal,HjaalmarchHoldLocation (Skyrim.esm:01676E),LocTypeTown (Skyrim.esm:013166); LocTypeHabitation (Skyrim.esm:039793); CWCapital (Skyrim.esm:01C4A2); CWCost (Skyrim.esm:02A455); CWOwner (Skyrim.esm:02A456); LocTypeHabitationHasInn (Skyrim.esm:0A6E84); WIComplexInteractionToggle (Skyrim.esm:0C4EC8); CWEventHappening (Skyrim.esm:0CAF5B); WIDragonAttacked (Skyrim.esm:079AEC); CWSiegePlayerRanAway (Skyrim.esm:0CE267); CWSiegeRunning (Skyrim.esm:0FDC31),sleep/travel/community candidate,extracted
Skyrim.esm,Skyrim.esm:01EB96,MorthalMoorsideInnLocation,Moorside Inn,MorthalLocation (Skyrim.esm:018A53),LocTypeDwelling (Skyrim.esm:0130DC); LocTypeInn (Skyrim.esm:01CB87),sleep/travel/community candidate,extracted
Skyrim.esm,Skyrim.esm:01927E,MossMotherCavernLocation,Moss Mother Cavern,FalkreathHoldLocation (Skyrim.esm:01676F),LocTypeDungeon (Skyrim.esm:0130DB); LocTypeSprigganGrove (Skyrim.esm:0130EA); LocSetCave (Skyrim.esm:0130EF); LocTypeClearable (Skyrim.esm:0F5E80),dungeon/pilgrimage/hostile-place candidate,extracted
Skyrim.esm,Skyrim.esm:0192B9,NightcallerTempleLocation,Nightcaller Temple,PaleHoldLocation (Skyrim.esm:01676D),LocTypeDungeon (Skyrim.esm:0130DB); LocTypeWarlockLair (Skyrim.esm:0130EC); LocTypeMilitaryFort (Skyrim.esm:0130E7),temple/shrine/sacred-place candidate,extracted
Skyrim.esm,Skyrim.esm:018A4F,NightgateInnExteriorLocation,Nightgate Inn,PaleHoldLocation (Skyrim.esm:01676D),LocTypeHabitation (Skyrim.esm:039793); LocTypeHabitationHasInn (Skyrim.esm:0A6E84); WIDragonAttacked (Skyrim.esm:079AEC),sleep/travel/community candidate,extracted
Skyrim.esm,Skyrim.esm:020054,NightgateInnLocation,Nightgate Inn,NightgateInnExteriorLocation (Skyrim.esm:018A4F),LocTypeDwelling (Skyrim.esm:0130DC); LocTypeHouse (Skyrim.esm:01CB85); LocTypeInn (Skyrim.esm:01CB87),sleep/travel/community candidate,extracted
Skyrim.esm,Skyrim.esm:039AA9,NightingaleHallLocation,Nightingale Hall,,LocSetCave (Skyrim.esm:0130EF),dungeon/pilgrimage/hostile-place candidate,extracted
Skyrim.esm,Skyrim.esm:0FDBDF,NorthwindMineLocation,Northwind Mine,RiftHoldLocation (Skyrim.esm:01676C),LocTypeDungeon (Skyrim.esm:0130DB); LocTypeClearable (Skyrim.esm:0F5E80),dungeon/pilgrimage/hostile-place candidate,extracted
Skyrim.esm,Skyrim.esm:01F7CB,OldHroldanInnLocation,Old Hroldan Inn,OldHroldanLocation (Skyrim.esm:018A55),LocTypeDwelling (Skyrim.esm:0130DC); LocTypeInn (Skyrim.esm:01CB87),sleep/travel/community candidate,extracted
Skyrim.esm,Skyrim.esm:01676D,PaleHoldLocation,the Pale,TamrielLocation (Skyrim.esm:0130FF),LocTypeHold (Skyrim.esm:016771); LocTypeHoldMinor (Skyrim.esm:0868E3); CWOwner (Skyrim.esm:02A456); BQActiveQuest (Skyrim.esm:0CBA99); CWLostByTreaty (Skyrim.esm:0E725B); CWDiplomaticVictory (Skyrim.esm:10C5F1),civic/hold context candidate,extracted
Skyrim.esm,Skyrim.esm:03AFE9,PelagiaFarmInteriorLocation,Pelagia Farm,PelagiaFarmLocation (Skyrim.esm:018E3F),LocTypeDwelling (Skyrim.esm:0130DC),location context candidate,extracted
Skyrim.esm,Skyrim.esm:018E3F,PelagiaFarmLocation,Pelagia Farm,WhiterunHoldLocation (Skyrim.esm:016772),LocTypeSettlement (Skyrim.esm:013167); LocTypeHabitation (Skyrim.esm:039793); LocTypeFarm (Skyrim.esm:018EF0); CWGarrisonDefenderOnly (Skyrim.esm:01C4A4); CWOwner (Skyrim.esm:02A456); CWCost (Skyrim.esm:02A455); WIComplexInteractionToggle (Skyrim.esm:0C4EC8); CWEventHappening (Skyrim.esm:0CAF5B); WIDragonAttacked (Skyrim.esm:079AEC); WIDragonsToggle (Skyrim.esm:042890),location context candidate,extracted
Skyrim.esm,Skyrim.esm:019288,PinemoonCaveLocation,Pinemoon Cave,HaafingarHoldLocation (Skyrim.esm:016770),LocSetCave (Skyrim.esm:0130EF); LocTypeDungeon (Skyrim.esm:0130DB); LocTypeClearable (Skyrim.esm:0F5E80); LocTypeVampireLair (Skyrim.esm:0130EB),dungeon/pilgrimage/hostile-place candidate,extracted
Skyrim.esm,Skyrim.esm:019289,PinepeakCavernLocation,Pinepeak Cavern,RiftHoldLocation (Skyrim.esm:01676C),LocSetCave (Skyrim.esm:0130EF); LocTypeAnimalDen (Skyrim.esm:0130DE); LocTypeDungeon (Skyrim.esm:0130DB); LocTypeClearable (Skyrim.esm:0F5E80),dungeon/pilgrimage/hostile-place candidate,extracted
Skyrim.esm,Skyrim.esm:019292,ReachcliffCaveLocation,Reachcliff Cave,ReachHoldLocation (Skyrim.esm:016769),LocTypeDraugrCrypt (Skyrim.esm:0130E2); LocSetCave (Skyrim.esm:0130EF); LocTypeDungeon (Skyrim.esm:0130DB); LocTypeClearable (Skyrim.esm:0F5E80),dungeon/pilgrimage/hostile-place candidate,extracted
Skyrim.esm,Skyrim.esm:016769,ReachHoldLocation,the Reach,TamrielLocation (Skyrim.esm:0130FF),LocTypeHold (Skyrim.esm:016771); LocTypeHoldMajor (Skyrim.esm:0868E1); CWOwner (Skyrim.esm:02A456); BQActiveQuest (Skyrim.esm:0CBA99); CWLostByTreaty (Skyrim.esm:0E725B); CWDiplomaticVictory (Skyrim.esm:10C5F1),civic/hold context candidate,extracted
Skyrim.esm,Skyrim.esm:02263F,RiftenHonorhallOrphanageLocation,Honorhall Orphanage,RiftenLocation (Skyrim.esm:018A58),LocTypeDwelling (Skyrim.esm:0130DC); LocTypeHouse (Skyrim.esm:01CB85),location context candidate,extracted
Skyrim.esm,Skyrim.esm:02264E,RiftenTempleofMaraLocation,Temple of Mara,RiftenLocation (Skyrim.esm:018A58),LocTypeDwelling (Skyrim.esm:0130DC); LocTypeTemple (Skyrim.esm:01CD56),temple/shrine/sacred-place candidate,extracted
Skyrim.esm,Skyrim.esm:01676C,RiftHoldLocation,the Rift,TamrielLocation (Skyrim.esm:0130FF),LocTypeHold (Skyrim.esm:016771); LocTypeHoldMajor (Skyrim.esm:0868E1); CWOwner (Skyrim.esm:02A456); BQActiveQuest (Skyrim.esm:0CBA99); CWLostByTreaty (Skyrim.esm:0E725B); CWDiplomaticVictory (Skyrim.esm:10C5F1),civic/hold context candidate,extracted
Skyrim.esm,Skyrim.esm:01CB8C,RiverwoodSleepingGiantInnLocation,Sleeping Giant Inn,RiverwoodLocation (Skyrim.esm:013163),LocTypeDwelling (Skyrim.esm:0130DC); LocTypeInn (Skyrim.esm:01CB87),sleep/travel/community candidate,extracted
Skyrim.esm,Skyrim.esm:04787B,RoadsideRuinsLocation,Roadside Ruins,FalkreathHoldLocation (Skyrim.esm:01676F),LocTypeSprigganGrove (Skyrim.esm:0130EA); LocTypeClearable (Skyrim.esm:0F5E80),dungeon/pilgrimage/hostile-place candidate,extracted
Skyrim.esm,Skyrim.esm:01F882,RoriksteadCowflopFarmLocation,Cowflop Farmhouse,RoriksteadLocation (Skyrim.esm:018A47),LocTypeDwelling (Skyrim.esm:0130DC); LocTypeFarm (Skyrim.esm:018EF0),location context candidate,extracted
Skyrim.esm,Skyrim.esm:01F883,RoriksteadFrostfruitInnLocation,Frostfruit Inn,RoriksteadLocation (Skyrim.esm:018A47),LocTypeDwelling (Skyrim.esm:0130DC); LocTypeInn (Skyrim.esm:01CB87),sleep/travel/community candidate,extracted
Skyrim.esm,Skyrim.esm:01F884,RoriksteadLemkilsFarmLocation,Lemkil's Farmhouse,RoriksteadLocation (Skyrim.esm:018A47),LocTypeDwelling (Skyrim.esm:0130DC); LocTypeFarm (Skyrim.esm:018EF0),location context candidate,extracted
Skyrim.esm,Skyrim.esm:019299,SaarthalLocation,Saarthal,WinterholdHoldLocation (Skyrim.esm:01676B),LocSetNordicRuin (Skyrim.esm:0130F2); LocTypeDungeon (Skyrim.esm:0130DB); LocTypeDraugrCrypt (Skyrim.esm:0130E2); LocTypeClearable (Skyrim.esm:0F5E80),dungeon/pilgrimage/hostile-place candidate,extracted
Skyrim.esm,Skyrim.esm:01F805,SalviusFarmhouseLocation,Salvius Farmhouse,SalviusFarmLocation (Skyrim.esm:018E40),LocTypeDwelling (Skyrim.esm:0130DC); LocTypeHouse (Skyrim.esm:01CB85),location context candidate,extracted
Skyrim.esm,Skyrim.esm:018E40,SalviusFarmLocation,Salvius Farm,ReachHoldLocation (Skyrim.esm:016769),LocTypeSettlement (Skyrim.esm:013167); LocTypeHabitation (Skyrim.esm:039793); LocTypeFarm (Skyrim.esm:018EF0); CWCost (Skyrim.esm:02A455); CWGarrisonDefenderOnly (Skyrim.esm:01C4A4); CWOwner (Skyrim.esm:02A456); WIComplexInteractionToggle (Skyrim.esm:0C4EC8); CWEventHappening (Skyrim.esm:0CAF5B); WIDragonAttacked (Skyrim.esm:079AEC); WIDragonsToggle (Skyrim.esm:042890),location context candidate,extracted
Skyrim.esm,Skyrim.esm:07592B,SarethiFarmInteriorLocation,Sarethi Farm Interior,SarethiFarmLocation (Skyrim.esm:018E41),LocTypeDwelling (Skyrim.esm:0130DC); LocTypeHouse (Skyrim.esm:01CB85),location context candidate,extracted
Skyrim.esm,Skyrim.esm:018E41,SarethiFarmLocation,Sarethi Farm,RiftHoldLocation (Skyrim.esm:01676C),LocTypeSettlement (Skyrim.esm:013167); LocTypeHabitation (Skyrim.esm:039793); LocTypeFarm (Skyrim.esm:018EF0); CWCost (Skyrim.esm:02A455); CWGarrison (Skyrim.esm:01C4A3); CWOwner (Skyrim.esm:02A456); CWPurchasedByAttacker (Skyrim.esm:042627); WIComplexInteractionToggle (Skyrim.esm:0C4EC8); CWEventHappening (Skyrim.esm:0CAF5B); WIDragonAttacked (Skyrim.esm:079AEC),location context candidate,extracted
Skyrim.esm,Skyrim.esm:01929C,ShadowgreenCavernLocation,Shadowgreen Cavern,HaafingarHoldLocation (Skyrim.esm:016770),LocSetCave (Skyrim.esm:0130EF); LocTypeDungeon (Skyrim.esm:0130DB); LocTypeSprigganGrove (Skyrim.esm:0130EA); LocTypeClearable (Skyrim.esm:0F5E80),dungeon/pilgrimage/hostile-place candidate,extracted
Skyrim.esm,Skyrim.esm:01929D,ShimmermistCaveLocation,Shimmermist Cave,WhiterunHoldLocation (Skyrim.esm:016772),LocTypeFalmerHive (Skyrim.esm:0130E4); LocSetCave (Skyrim.esm:0130EF); LocTypeDungeon (Skyrim.esm:0130DB); LocTypeClearable (Skyrim.esm:0F5E80),dungeon/pilgrimage/hostile-place candidate,extracted
Skyrim.esm,Skyrim.esm:0226B3,ShorsStoneRedbellyMineLocation,Redbelly Mine,ShorsStoneLocation (Skyrim.esm:018A4C),LocTypeMine (Skyrim.esm:018EF1),location context candidate,extracted
Skyrim.esm,Skyrim.esm:092497,ShrineofAzuraLocation,Shrine of Azura,TamrielLocation (Skyrim.esm:0130FF),,temple/shrine/sacred-place candidate,extracted
Skyrim.esm,Skyrim.esm:0F5BA7,ShrineofBoethiahLocation,Shrine of Boethiah,EastmarchHoldLocation (Skyrim.esm:01676A),,temple/shrine/sacred-place candidate,extracted
Skyrim.esm,Skyrim.esm:0240E6,ShrineofMehrunesDagonLocation,Shrine of Mehrunes Dagon,PaleHoldLocation (Skyrim.esm:01676D),LocSetCave (Skyrim.esm:0130EF),temple/shrine/sacred-place candidate,extracted
Skyrim.esm,Skyrim.esm:0F5BA5,ShrineofPeryiteLocation,Shrine of Peryite,ReachHoldLocation (Skyrim.esm:016769),,temple/shrine/sacred-place candidate,extracted
Skyrim.esm,Skyrim.esm:06CCC6,ShroudHearthBarrowLocation,Shroud Hearth Barrow,IvarsteadLocation (Skyrim.esm:018A4B),LocTypeDraugrCrypt (Skyrim.esm:0130E2); LocTypeDungeon (Skyrim.esm:0130DB); LocSetNordicRuin (Skyrim.esm:0130F2); LocTypeClearable (Skyrim.esm:0F5E80),dungeon/pilgrimage/hostile-place candidate,extracted
Skyrim.esm,Skyrim.esm:018E42,SkyHavenTempleLocation,Sky Haven Temple,ReachHoldLocation (Skyrim.esm:016769),CWEventHappening (Skyrim.esm:0CAF5B); WIDragonAttacked (Skyrim.esm:079AEC); WIComplexInteractionToggle (Skyrim.esm:0C4EC8),temple/shrine/sacred-place candidate,extracted
Skyrim.esm,Skyrim.esm:0EF0B0,SkytempleRuinsLocation,Skytemple Ruins,WinterholdHoldLocation (Skyrim.esm:01676B),LocTypeClearable (Skyrim.esm:0F5E80),temple/shrine/sacred-place candidate,extracted
Skyrim.esm,Skyrim.esm:0192AE,SnaplegCaveLocation,Snapleg Cave,EastmarchHoldLocation (Skyrim.esm:01676A),LocSetCave (Skyrim.esm:0130EF); LocTypeDungeon (Skyrim.esm:0130DB); LocTypeHagravenNest (Skyrim.esm:0130E6); LocTypeClearable (Skyrim.esm:0F5E80),dungeon/pilgrimage/hostile-place candidate,extracted
Skyrim.esm,Skyrim.esm:01706C,SnowShodFarmInteriorLocation,Snow-Shod Farm,SnowShodFarmLocation (Skyrim.esm:018E43),LocTypeHouse (Skyrim.esm:01CB85); LocTypeDwelling (Skyrim.esm:0130DC),location context candidate,extracted
Skyrim.esm,Skyrim.esm:018E43,SnowShodFarmLocation,Snow-Shod Farm,RiftHoldLocation (Skyrim.esm:01676C),LocTypeSettlement (Skyrim.esm:013167); LocTypeHabitation (Skyrim.esm:039793); LocTypeFarm (Skyrim.esm:018EF0); CWCost (Skyrim.esm:02A455); CWGarrisonDefenderOnly (Skyrim.esm:01C4A4); CWOwner (Skyrim.esm:02A456); WIComplexInteractionToggle (Skyrim.esm:0C4EC8); CWEventHappening (Skyrim.esm:0CAF5B); WIDragonAttacked (Skyrim.esm:079AEC); WIDragonsToggle (Skyrim.esm:042890),location context candidate,extracted
Skyrim.esm,Skyrim.esm:0200A1,SolitudeHalloftheDeadLocation,Hall of the Dead,SolitudeAvenuesLocation (Skyrim.esm:0358B8),LocTypeDwelling (Skyrim.esm:0130DC); LocTypeHouse (Skyrim.esm:01CB85); TGWealthyHome (Skyrim.esm:02892A),location context candidate,extracted
Skyrim.esm,Skyrim.esm:0200A3,SolitudeTempleoftheEightDivinesLocation,Temple of the Divines,SolitudeAvenuesLocation (Skyrim.esm:0358B8),LocTypeDwelling (Skyrim.esm:0130DC); LocTypeTemple (Skyrim.esm:01CD56),temple/shrine/sacred-place candidate,extracted
Skyrim.esm,Skyrim.esm:03059A,SoljundsMineMineLocation,Soljund's Sinkhole,SoljundsSinkholeLocation (Skyrim.esm:0192B1),LocTypeDwelling (Skyrim.esm:0130DC); LocTypeMine (Skyrim.esm:018EF1),location context candidate,extracted
Skyrim.esm,Skyrim.esm:030597,SoljundsMineMinersHouseLocation,Miner's House,SoljundsSinkholeLocation (Skyrim.esm:0192B1),LocTypeHouse (Skyrim.esm:01CB85); LocTypeDwelling (Skyrim.esm:0130DC),location context candidate,extracted
Skyrim.esm,Skyrim.esm:0F0A18,SovngardeHallofHeroesLocation,Hall of Heroes,SovngardeLocation (Skyrim.esm:0192B2),,location context candidate,extracted
Skyrim.esm,Skyrim.esm:108A5A,StendarrsBeaconLocation,Stendarr's Beacon,RiftHoldLocation (Skyrim.esm:01676C),LocTypeClearable (Skyrim.esm:0F5E80),location context candidate,extracted
Skyrim.esm,Skyrim.esm:0192B6,StillbornCaveLocation,Stillborn Cave,WinterholdHoldLocation (Skyrim.esm:01676B),LocSetCave (Skyrim.esm:0130EF); LocTypeDungeon (Skyrim.esm:0130DB); LocTypeFalmerHive (Skyrim.esm:0130E4); LocTypeClearable (Skyrim.esm:0F5E80); LocSetCaveIce (Skyrim.esm:100819),dungeon/pilgrimage/hostile-place candidate,extracted
Skyrim.esm,Skyrim.esm:02E770,StonehillsMineLocation,Rockwallow Mine,StonehillsLocation (Skyrim.esm:018A52),LocTypeDwelling (Skyrim.esm:0130DC); LocTypeMine (Skyrim.esm:018EF1),location context candidate,extracted
Skyrim.esm,Skyrim.esm:080F28,StonyCreekCaveLocation,Stony Creek Cave,EastmarchHoldLocation (Skyrim.esm:01676A),LocTypeBanditCamp (Skyrim.esm:0130DF); LocTypeDungeon (Skyrim.esm:0130DB); LocSetCave (Skyrim.esm:0130EF); LocTypeClearable (Skyrim.esm:0F5E80),dungeon/pilgrimage/hostile-place candidate,extracted
Skyrim.esm,Skyrim.esm:018C92,ThalmorEmbassyLocation,Thalmor Embassy,HaafingarHoldLocation (Skyrim.esm:016770),,location context candidate,extracted
Skyrim.esm,Skyrim.esm:0EE3FE,ThievesGuildHoldingCellLocation,,,,civic/hold context candidate,extracted
Skyrim.esm,Skyrim.esm:0192BC,TolvaldsCaveLocation,Tolvald's Cave,RiftHoldLocation (Skyrim.esm:01676C),LocSetCave (Skyrim.esm:0130EF); LocTypeDungeon (Skyrim.esm:0130DB); LocTypeFalmerHive (Skyrim.esm:0130E4); LocTypeClearable (Skyrim.esm:0F5E80),dungeon/pilgrimage/hostile-place candidate,extracted
Skyrim.esm,Skyrim.esm:072B1D,WhistlingMineInteriorLocation,Whistling Mine,WhistlingMineLocation (Skyrim.esm:018E45),LocTypeDwelling (Skyrim.esm:0130DC); LocTypeMine (Skyrim.esm:018EF1),location context candidate,extracted
Skyrim.esm,Skyrim.esm:018E45,WhistlingMineLocation,Whistling Mine,WinterholdHoldLocation (Skyrim.esm:01676B),LocTypeSettlement (Skyrim.esm:013167); LocTypeHabitation (Skyrim.esm:039793); LocTypeMine (Skyrim.esm:018EF1); CWCost (Skyrim.esm:02A455); CWGarrison (Skyrim.esm:01C4A3); CWOwner (Skyrim.esm:02A456); CWPurchasedByAttacker (Skyrim.esm:042627); WIComplexInteractionToggle (Skyrim.esm:0C4EC8); CWEventHappening (Skyrim.esm:0CAF5B); WIDragonAttacked (Skyrim.esm:079AEC),location context candidate,extracted
Skyrim.esm,Skyrim.esm:016772,WhiterunHoldLocation,Whiterun,TamrielLocation (Skyrim.esm:0130FF),LocTypeHold (Skyrim.esm:016771); LocTypeHoldMajor (Skyrim.esm:0868E1); CWOwner (Skyrim.esm:02A456); BQActiveQuest (Skyrim.esm:0CBA99); CWLostByTreaty (Skyrim.esm:0E725B); CWDiplomaticVictory (Skyrim.esm:10C5F1),civic/hold context candidate,extracted
Skyrim.esm,Skyrim.esm:047259,WhiterunHonningbrewMeaderyDungeonLocation,Honningbrew Meadery,WhiterunLocation (Skyrim.esm:018A56),LocTypeDwelling (Skyrim.esm:0130DC); LocTypeHouse (Skyrim.esm:01CB85),dungeon/pilgrimage/hostile-place candidate,extracted
Skyrim.esm,Skyrim.esm:01F87B,WhiterunShrineofTalosLocation,Shrine of Talos,WhiterunLocation (Skyrim.esm:018A56),LocTypeDwelling (Skyrim.esm:0130DC); LocTypeTemple (Skyrim.esm:01CD56),temple/shrine/sacred-place candidate,extracted
Skyrim.esm,Skyrim.esm:01F87D,WhiterunTempleofKynarethLocation,Temple of Kynareth,WhiterunLocation (Skyrim.esm:018A56),LocTypeDwelling (Skyrim.esm:0130DC); LocTypeTemple (Skyrim.esm:01CD56),temple/shrine/sacred-place candidate,extracted
Skyrim.esm,Skyrim.esm:0EF0A9,WidowsWatchRuinsLocation,Widow's Watch Ruins,HaafingarHoldLocation (Skyrim.esm:016770),,dungeon/pilgrimage/hostile-place candidate,extracted
Skyrim.esm,Skyrim.esm:0209EA,WindhelmCandlehearthHallLocation,Candlehearth Hall,WindhelmLocation (Skyrim.esm:018A57),LocTypeInn (Skyrim.esm:01CB87); TGBusiness (Skyrim.esm:061849); LocTypeDwelling (Skyrim.esm:0130DC),sleep/travel/community candidate,extracted
Skyrim.esm,Skyrim.esm:0209F6,WindhelmTempleOfTalosLocation,Temple of Talos,WindhelmLocation (Skyrim.esm:018A57),LocTypeTemple (Skyrim.esm:01CD56); LocTypeDwelling (Skyrim.esm:0130DC),temple/shrine/sacred-place candidate,extracted
Skyrim.esm,Skyrim.esm:0C2EED,WindwardRuinsLocation,Windward Ruins,PaleHoldLocation (Skyrim.esm:01676D),LocTypeClearable (Skyrim.esm:0F5E80),dungeon/pilgrimage/hostile-place candidate,extracted
Skyrim.esm,Skyrim.esm:01EB79,WinterholdCollegeArcanaeumLocation,The Arcanaeum,WinterholdCollegeLocation (Skyrim.esm:076F3A),LocTypeDwelling (Skyrim.esm:0130DC); LocTypeGuild (Skyrim.esm:01CD5A),civic/hold context candidate,extracted
Skyrim.esm,Skyrim.esm:0D16E6,WinterholdCollegeArchMageQuartersLocation,Arch Mage's Quarters,WinterholdCollegeLocation (Skyrim.esm:076F3A),LocTypeDwelling (Skyrim.esm:0130DC); LocTypeGuild (Skyrim.esm:01CD5A),civic/hold context candidate,extracted
Skyrim.esm,Skyrim.esm:0D16E5,WinterholdCollegeDormitory2Location,Dormitory,WinterholdCollegeLocation (Skyrim.esm:076F3A),LocTypeGuild (Skyrim.esm:01CD5A); LocTypeDwelling (Skyrim.esm:0130DC),civic/hold context candidate,extracted
Skyrim.esm,Skyrim.esm:01EB74,WinterholdCollegeDormitoryLocation,Dormitory,WinterholdCollegeLocation (Skyrim.esm:076F3A),LocTypeGuild (Skyrim.esm:01CD5A); LocTypeDwelling (Skyrim.esm:0130DC),civic/hold context candidate,extracted
Skyrim.esm,Skyrim.esm:01EB7A,WinterholdCollegeHallofElementsLocation,Hall of the Elements,WinterholdCollegeLocation (Skyrim.esm:076F3A),LocTypeDwelling (Skyrim.esm:0130DC); LocTypeGuild (Skyrim.esm:01CD5A),civic/hold context candidate,extracted
Skyrim.esm,Skyrim.esm:076F3A,WinterholdCollegeLocation,Winterhold College,WinterholdHoldLocation (Skyrim.esm:01676B),LocTypeGuild (Skyrim.esm:01CD5A); LocTypeHabitation (Skyrim.esm:039793); WIComplexInteractionToggle (Skyrim.esm:0C4EC8); WIDragonAttacked (Skyrim.esm:079AEC),civic/hold context candidate,extracted
Skyrim.esm,Skyrim.esm:02BCEB,WinterholdCollegeMiddenLocation,The Midden,WinterholdLocation (Skyrim.esm:018A51),LocTypeDwelling (Skyrim.esm:0130DC); LocTypeGuild (Skyrim.esm:01CD5A),civic/hold context candidate,extracted
Skyrim.esm,Skyrim.esm:01676B,WinterholdHoldLocation,Winterhold,TamrielLocation (Skyrim.esm:0130FF),LocTypeHold (Skyrim.esm:016771); LocTypeHoldMinor (Skyrim.esm:0868E3); CWOwner (Skyrim.esm:02A456); BQActiveQuest (Skyrim.esm:0CBA99); CWLostByTreaty (Skyrim.esm:0E725B); CWDiplomaticVictory (Skyrim.esm:10C5F1),civic/hold context candidate,extracted
Skyrim.esm,Skyrim.esm:01EB7D,WinterholdJarlsLonghouseLocation,Jarl's Longhouse,WinterholdLocation (Skyrim.esm:018A51),LocTypeDwelling (Skyrim.esm:0130DC); LocTypeHouse (Skyrim.esm:01CB85); CWCapitalHQ (Skyrim.esm:0205ED); CWHQ (Skyrim.esm:0C6726),civic/hold context candidate,extracted
Skyrim.esm,Skyrim.esm:01EB7E,WinterholdKorrisHouseLocation,Korri's House,WinterholdLocation (Skyrim.esm:018A51),LocTypeDwelling (Skyrim.esm:0130DC); LocTypeHouse (Skyrim.esm:01CB85),civic/hold context candidate,extracted
Skyrim.esm,Skyrim.esm:018A51,WinterholdLocation,Winterhold,WinterholdHoldLocation (Skyrim.esm:01676B),LocTypeTown (Skyrim.esm:013166); LocTypeHabitation (Skyrim.esm:039793); CWCapital (Skyrim.esm:01C4A2); CWCost (Skyrim.esm:02A455); CWOwner (Skyrim.esm:02A456); LocTypeHabitationHasInn (Skyrim.esm:0A6E84); WIComplexInteractionToggle (Skyrim.esm:0C4EC8); CWEventHappening (Skyrim.esm:0CAF5B); WIDragonAttacked (Skyrim.esm:079AEC); CWSiegePlayerRanAway (Skyrim.esm:0CE267); CWLostByTreaty (Skyrim.esm:0E725B); CWSiegeRunning (Skyrim.esm:0FDC31),civic/hold context candidate,extracted
Skyrim.esm,Skyrim.esm:01EB7B,WinterholdRanmirsHouseLocation,Ranmir's House,WinterholdLocation (Skyrim.esm:018A51),LocTypeDwelling (Skyrim.esm:0130DC); LocTypeHouse (Skyrim.esm:01CB85),civic/hold context candidate,extracted
Skyrim.esm,Skyrim.esm:01EB7C,WinterholdTheFrozenHearthLocation,The Frozen Hearth,WinterholdLocation (Skyrim.esm:018A51),LocTypeDwelling (Skyrim.esm:0130DC); LocTypeInn (Skyrim.esm:01CB87); Favor018TargetLocation (Skyrim.esm:03F4C5),civic/hold context candidate,extracted
Skyrim.esm,Skyrim.esm:0192C8,WolfskullCaveLocation,Wolfskull Cave,HaafingarHoldLocation (Skyrim.esm:016770),LocTypeDungeon (Skyrim.esm:0130DB); LocTypeWarlockLair (Skyrim.esm:0130EC); LocSetNordicRuin (Skyrim.esm:0130F2); LocTypeClearable (Skyrim.esm:0F5E80),dungeon/pilgrimage/hostile-place candidate,extracted
Skyrim.esm,Skyrim.esm:0192C9,YngolBarrowLocation,Yngol Barrow,WinterholdHoldLocation (Skyrim.esm:01676B),LocTypeDraugrCrypt (Skyrim.esm:0130E2); LocTypeDungeon (Skyrim.esm:0130DB); LocSetNordicRuin (Skyrim.esm:0130F2); LocTypeClearable (Skyrim.esm:0F5E80),dungeon/pilgrimage/hostile-place candidate,extracted
Skyrim.esm,Skyrim.esm:019265,YsgramorsTombLocation,Ysgramor's Tomb,WinterholdHoldLocation (Skyrim.esm:01676B),LocSetNordicRuin (Skyrim.esm:0130F2); LocTypeDungeon (Skyrim.esm:0130DB); LocTypeDraugrCrypt (Skyrim.esm:0130E2); LocTypeClearable (Skyrim.esm:0F5E80),dungeon/pilgrimage/hostile-place candidate,extracted
Update.esm,Skyrim.esm:018C92,ThalmorEmbassyLocation,Thalmor Embassy,HaafingarHoldLocation (Skyrim.esm:016770),,location context candidate,extracted
