plugin,formid,editor_id,modding_use,detail_status,validation
Dawnguard.esm,Dawnguard.esm:015C62,crReduceDamage035,perk progression reference,scan-only; use detailed candidate table or local xEdit/CK inspection for effects and conditions,candidate-scan
Dawnguard.esm,Skyrim.esm:0581DE,DarkSouls,perk progression reference,scan-only; use detailed candidate table or local xEdit/CK inspection for effects and conditions,candidate-scan
Dawnguard.esm,Dawnguard.esm:0059A5,DLC1AnimalVigorPerk,perk progression reference,scan-only; use detailed candidate table or local xEdit/CK inspection for effects and conditions,candidate-scan
Dawnguard.esm,Dawnguard.esm:01A189,DLC1AurielsArrowsBlocker,perk progression reference,scan-only; use detailed candidate table or local xEdit/CK inspection for effects and conditions,candidate-scan
Dawnguard.esm,Dawnguard.esm:011CFB,DLC1BestialStrength100Perk,perk progression reference,scan-only; use detailed candidate table or local xEdit/CK inspection for effects and conditions,candidate-scan
Dawnguard.esm,Dawnguard.esm:0059A4,DLC1BestialStrength25Perk,perk progression reference,scan-only; use detailed candidate table or local xEdit/CK inspection for effects and conditions,candidate-scan
Dawnguard.esm,Dawnguard.esm:007A3F,DLC1BestialStrength50Perk,perk progression reference,scan-only; use detailed candidate table or local xEdit/CK inspection for effects and conditions,candidate-scan
Dawnguard.esm,Dawnguard.esm:011CFA,DLC1BestialStrength75Perk,perk progression reference,scan-only; use detailed candidate table or local xEdit/CK inspection for effects and conditions,candidate-scan
Dawnguard.esm,Dawnguard.esm:008A70,DLC1CorpseCursePerk,perk progression reference,scan-only; use detailed candidate table or local xEdit/CK inspection for effects and conditions,candidate-scan
Dawnguard.esm,Dawnguard.esm:01A170,DLC1crExtraDamageScales015,perk progression reference,scan-only; use detailed candidate table or local xEdit/CK inspection for effects and conditions,candidate-scan
Dawnguard.esm,Dawnguard.esm:01A16F,DLC1crExtraDamageScales02,perk progression reference,scan-only; use detailed candidate table or local xEdit/CK inspection for effects and conditions,candidate-scan
Dawnguard.esm,Dawnguard.esm:01A171,DLC1crExtraDamageScales025,perk progression reference,scan-only; use detailed candidate table or local xEdit/CK inspection for effects and conditions,candidate-scan
Dawnguard.esm,Dawnguard.esm:01A172,DLC1crExtraDamageScales03,perk progression reference,scan-only; use detailed candidate table or local xEdit/CK inspection for effects and conditions,candidate-scan
Dawnguard.esm,Dawnguard.esm:015CAE,DLC1crFalmerPoison06,perk progression reference,scan-only; use detailed candidate table or local xEdit/CK inspection for effects and conditions,candidate-scan
Dawnguard.esm,Dawnguard.esm:00D83A,DLC1DawnguardItemPerk,perk progression reference,scan-only; use detailed candidate table or local xEdit/CK inspection for effects and conditions,candidate-scan
Dawnguard.esm,Dawnguard.esm:00599B,DLC1DetectLifePerk,perk progression reference,scan-only; use detailed candidate table or local xEdit/CK inspection for effects and conditions,candidate-scan
Dawnguard.esm,Dawnguard.esm:01A33C,DLC1DurnehviirMultipleSummon,perk progression reference,scan-only; use detailed candidate table or local xEdit/CK inspection for effects and conditions,candidate-scan
Dawnguard.esm,Dawnguard.esm:00399B,DLC1EnchancedCrossbowArmorPiercingPerk,craft progression reference,scan-only; use detailed candidate table or local xEdit/CK inspection for effects and conditions,candidate-scan
Dawnguard.esm,Dawnguard.esm:016908,DLC1GargoylePerk,perk progression reference,scan-only; use detailed candidate table or local xEdit/CK inspection for effects and conditions,candidate-scan
Dawnguard.esm,Dawnguard.esm:0059A7,DLC1GorgingPerk,perk progression reference,scan-only; use detailed candidate table or local xEdit/CK inspection for effects and conditions,candidate-scan
Dawnguard.esm,Dawnguard.esm:014CCE,DLC1HarkonTurningImmunity,perk progression reference,scan-only; use detailed candidate table or local xEdit/CK inspection for effects and conditions,candidate-scan
Dawnguard.esm,Dawnguard.esm:00D00A,DLC1LD_AetherialCrownPerk,perk progression reference,scan-only; use detailed candidate table or local xEdit/CK inspection for effects and conditions,candidate-scan
Dawnguard.esm,Dawnguard.esm:0142AC,DLC1LD_AetherialShieldPerk,perk progression reference,scan-only; use detailed candidate table or local xEdit/CK inspection for effects and conditions,candidate-scan
Dawnguard.esm,Dawnguard.esm:00D00B,DLC1LDPerk,perk progression reference,scan-only; use detailed candidate table or local xEdit/CK inspection for effects and conditions,candidate-scan
Dawnguard.esm,Dawnguard.esm:00599C,DLC1MistFormPerk,perk progression reference,scan-only; use detailed candidate table or local xEdit/CK inspection for effects and conditions,candidate-scan
Dawnguard.esm,Dawnguard.esm:005997,DLC1NightCloakPerk,perk progression reference,scan-only; use detailed candidate table or local xEdit/CK inspection for effects and conditions,candidate-scan
Dawnguard.esm,Dawnguard.esm:008A6E,DLC1PlayerWerewolfSavageFeeding,curse/transformation progression reference,scan-only; use detailed candidate table or local xEdit/CK inspection for effects and conditions,candidate-scan
Dawnguard.esm,Dawnguard.esm:005996,DLC1PoisonTalons,perk progression reference,scan-only; use detailed candidate table or local xEdit/CK inspection for effects and conditions,candidate-scan
Dawnguard.esm,Dawnguard.esm:005998,DLC1PowerOfTheGrave,perk progression reference,scan-only; use detailed candidate table or local xEdit/CK inspection for effects and conditions,candidate-scan
Dawnguard.esm,Dawnguard.esm:0059A6,DLC1SavageFeedingPerk,perk progression reference,scan-only; use detailed candidate table or local xEdit/CK inspection for effects and conditions,candidate-scan
Dawnguard.esm,Dawnguard.esm:00599E,DLC1SupernaturalReflexesPerk,perk progression reference,scan-only; use detailed candidate table or local xEdit/CK inspection for effects and conditions,candidate-scan
Dawnguard.esm,Dawnguard.esm:0059AA,DLC1TotemOfIceBrothersPerk,perk progression reference,scan-only; use detailed candidate table or local xEdit/CK inspection for effects and conditions,candidate-scan
Dawnguard.esm,Dawnguard.esm:0059A8,DLC1TotemOfTerrorPerk,perk progression reference,scan-only; use detailed candidate table or local xEdit/CK inspection for effects and conditions,candidate-scan
Dawnguard.esm,Dawnguard.esm:0059AB,DLC1TotemOfTheMoonPerk,perk progression reference,scan-only; use detailed candidate table or local xEdit/CK inspection for effects and conditions,candidate-scan
Dawnguard.esm,Dawnguard.esm:0059A9,DLC1TotemPredatorPerk,perk progression reference,scan-only; use detailed candidate table or local xEdit/CK inspection for effects and conditions,candidate-scan
Dawnguard.esm,Dawnguard.esm:005995,DLC1UnearthlyWill,perk progression reference,scan-only; use detailed candidate table or local xEdit/CK inspection for effects and conditions,candidate-scan
Dawnguard.esm,Dawnguard.esm:0110CF,DLC1VampireActivationBlocker,curse/transformation progression reference,scan-only; use detailed candidate table or local xEdit/CK inspection for effects and conditions,candidate-scan
Dawnguard.esm,Dawnguard.esm:005054,DLC1VampireFeedDexionVampireSeduction,curse/transformation progression reference,scan-only; use detailed candidate table or local xEdit/CK inspection for effects and conditions,candidate-scan
Dawnguard.esm,Dawnguard.esm:01459D,DLC1VampireSeductionBoost,curse/transformation progression reference,scan-only; use detailed candidate table or local xEdit/CK inspection for effects and conditions,candidate-scan
Dawnguard.esm,Dawnguard.esm:008E3F,DLC1VampireSleepPerk,curse/transformation progression reference,scan-only; use detailed candidate table or local xEdit/CK inspection for effects and conditions,candidate-scan
Dawnguard.esm,Dawnguard.esm:00588B,DLC1VampireTurnPerk,curse/transformation progression reference,scan-only; use detailed candidate table or local xEdit/CK inspection for effects and conditions,candidate-scan
Dawnguard.esm,Dawnguard.esm:005994,DLC1VampiricBite,perk progression reference,scan-only; use detailed candidate table or local xEdit/CK inspection for effects and conditions,candidate-scan
Dawnguard.esm,Dawnguard.esm:00599A,DLC1VampiricGrip,perk progression reference,scan-only; use detailed candidate table or local xEdit/CK inspection for effects and conditions,candidate-scan
Dawnguard.esm,Dawnguard.esm:0138C3,DLC1VyrthurArmorBoost,craft progression reference,scan-only; use detailed candidate table or local xEdit/CK inspection for effects and conditions,candidate-scan
Dawnguard.esm,Skyrim.esm:052190,DragonArmor,craft progression reference,scan-only; use detailed candidate table or local xEdit/CK inspection for effects and conditions,candidate-scan
Dawnguard.esm,Skyrim.esm:03FFFA,HackAndSlash30,perk progression reference,scan-only; use detailed candidate table or local xEdit/CK inspection for effects and conditions,candidate-scan
Dawnguard.esm,Skyrim.esm:0C3678,HackAndSlash60,perk progression reference,scan-only; use detailed candidate table or local xEdit/CK inspection for effects and conditions,candidate-scan
Dawnguard.esm,Skyrim.esm:0C3679,HackAndSlash90,perk progression reference,scan-only; use detailed candidate table or local xEdit/CK inspection for effects and conditions,candidate-scan
Dawnguard.esm,Skyrim.esm:0C5C05,Limbsplitter30,perk progression reference,scan-only; use detailed candidate table or local xEdit/CK inspection for effects and conditions,candidate-scan
Dawnguard.esm,Skyrim.esm:0C5C06,Limbsplitter60,perk progression reference,scan-only; use detailed candidate table or local xEdit/CK inspection for effects and conditions,candidate-scan
Dawnguard.esm,Skyrim.esm:0C5C07,Limbsplitter90,perk progression reference,scan-only; use detailed candidate table or local xEdit/CK inspection for effects and conditions,candidate-scan
Dawnguard.esm,Skyrim.esm:0581DD,Necromancy,perk progression reference,scan-only; use detailed candidate table or local xEdit/CK inspection for effects and conditions,candidate-scan
Dawnguard.esm,Skyrim.esm:0AEC05,PlayerUnderforgeAccessPerk,craft progression reference,scan-only; use detailed candidate table or local xEdit/CK inspection for effects and conditions,candidate-scan
Dawnguard.esm,Skyrim.esm:02BA1D,PlayerWerewolfFeed,curse/transformation progression reference,scan-only; use detailed candidate table or local xEdit/CK inspection for effects and conditions,candidate-scan
Dawnguard.esm,Skyrim.esm:0D5F1C,TwinSouls,perk progression reference,scan-only; use detailed candidate table or local xEdit/CK inspection for effects and conditions,candidate-scan
Dawnguard.esm,Skyrim.esm:0CF02C,VampireFeed,curse/transformation progression reference,scan-only; use detailed candidate table or local xEdit/CK inspection for effects and conditions,candidate-scan
Dawnguard.esm,Skyrim.esm:03AFA7,Warmaster,perk progression reference,scan-only; use detailed candidate table or local xEdit/CK inspection for effects and conditions,candidate-scan
Dragonborn.esm,Skyrim.esm:05F56F,Bladesman30,perk progression reference,scan-only; use detailed candidate table or local xEdit/CK inspection for effects and conditions,candidate-scan
Dragonborn.esm,Skyrim.esm:0C1E90,Bladesman60,perk progression reference,scan-only; use detailed candidate table or local xEdit/CK inspection for effects and conditions,candidate-scan
Dragonborn.esm,Skyrim.esm:0C1E91,Bladesman90,perk progression reference,scan-only; use detailed candidate table or local xEdit/CK inspection for effects and conditions,candidate-scan
Dragonborn.esm,Skyrim.esm:05F592,BoneBreaker30,perk progression reference,scan-only; use detailed candidate table or local xEdit/CK inspection for effects and conditions,candidate-scan
Dragonborn.esm,Skyrim.esm:0C1E92,BoneBreaker60,perk progression reference,scan-only; use detailed candidate table or local xEdit/CK inspection for effects and conditions,candidate-scan
Dragonborn.esm,Skyrim.esm:0C1E93,BoneBreaker90,perk progression reference,scan-only; use detailed candidate table or local xEdit/CK inspection for effects and conditions,candidate-scan
Dragonborn.esm,Skyrim.esm:058F64,Bullseye,perk progression reference,scan-only; use detailed candidate table or local xEdit/CK inspection for effects and conditions,candidate-scan
Dragonborn.esm,Skyrim.esm:03AF83,DeepWounds30,perk progression reference,scan-only; use detailed candidate table or local xEdit/CK inspection for effects and conditions,candidate-scan
Dragonborn.esm,Skyrim.esm:0C1E94,DeepWounds60,perk progression reference,scan-only; use detailed candidate table or local xEdit/CK inspection for effects and conditions,candidate-scan
Dragonborn.esm,Skyrim.esm:0C1E95,DeepWounds90,perk progression reference,scan-only; use detailed candidate table or local xEdit/CK inspection for effects and conditions,candidate-scan
Dragonborn.esm,Dragonborn.esm:0250E7,DLC2AcolyteMaskAugmentFire,perk progression reference,scan-only; use detailed candidate table or local xEdit/CK inspection for effects and conditions,candidate-scan
Dragonborn.esm,Dragonborn.esm:0250E8,DLC2AcolyteMaskAugmentFrost,perk progression reference,scan-only; use detailed candidate table or local xEdit/CK inspection for effects and conditions,candidate-scan
Dragonborn.esm,Dragonborn.esm:0250E9,DLC2AcolyteMaskAugmentShock,perk progression reference,scan-only; use detailed candidate table or local xEdit/CK inspection for effects and conditions,candidate-scan
Dragonborn.esm,Dragonborn.esm:03CA73,DLC2ArrowDefense,perk progression reference,scan-only; use detailed candidate table or local xEdit/CK inspection for effects and conditions,candidate-scan
Dragonborn.esm,Dragonborn.esm:0177B4,DLC2AshShellDmgPerk,perk progression reference,scan-only; use detailed candidate table or local xEdit/CK inspection for effects and conditions,candidate-scan
Dragonborn.esm,Dragonborn.esm:01773C,DLC2AugmentedFrost60NPC,perk progression reference,scan-only; use detailed candidate table or local xEdit/CK inspection for effects and conditions,candidate-scan
Dragonborn.esm,Dragonborn.esm:01773D,DLC2AugmentedShock60NPC,perk progression reference,scan-only; use detailed candidate table or local xEdit/CK inspection for effects and conditions,candidate-scan
Dragonborn.esm,Dragonborn.esm:01ED99,dlc2BBDrunkenMaster,perk progression reference,scan-only; use detailed candidate table or local xEdit/CK inspection for effects and conditions,candidate-scan
Dragonborn.esm,Dragonborn.esm:01E7F0,DLC2BlackBookCompanionsSafePerk,perk progression reference,scan-only; use detailed candidate table or local xEdit/CK inspection for effects and conditions,candidate-scan
Dragonborn.esm,Dragonborn.esm:01E7F6,DLC2BlackBookFoodPerk,perk progression reference,scan-only; use detailed candidate table or local xEdit/CK inspection for effects and conditions,candidate-scan
Dragonborn.esm,Dragonborn.esm:01E7F1,DLC2BlackBookHagglingPerk,perk progression reference,scan-only; use detailed candidate table or local xEdit/CK inspection for effects and conditions,candidate-scan
Dragonborn.esm,Dragonborn.esm:01E7FE,DLC2BlackBookHalfDamagePerk,perk progression reference,scan-only; use detailed candidate table or local xEdit/CK inspection for effects and conditions,candidate-scan
Dragonborn.esm,Dragonborn.esm:01E801,DLC2BlackBookNoFallingDamagePerk,perk progression reference,scan-only; use detailed candidate table or local xEdit/CK inspection for effects and conditions,candidate-scan
Dragonborn.esm,Dragonborn.esm:01E7FB,DLC2BlackBookNoMagickaPerk,magic progression reference,scan-only; use detailed candidate table or local xEdit/CK inspection for effects and conditions,candidate-scan
Dragonborn.esm,Dragonborn.esm:01E7F8,DLC2BlackBookNoStaminaPerk,perk progression reference,scan-only; use detailed candidate table or local xEdit/CK inspection for effects and conditions,candidate-scan
Dragonborn.esm,Dragonborn.esm:03399F,DLC2BlackBookSeekerPerks,perk progression reference,scan-only; use detailed candidate table or local xEdit/CK inspection for effects and conditions,candidate-scan
Dragonborn.esm,Dragonborn.esm:01E7ED,DLC2BlackBookSkillBookPerk,perk progression reference,scan-only; use detailed candidate table or local xEdit/CK inspection for effects and conditions,candidate-scan
Dragonborn.esm,Dragonborn.esm:03BD06,DLC2CriticalHit,perk progression reference,scan-only; use detailed candidate table or local xEdit/CK inspection for effects and conditions,candidate-scan
Dragonborn.esm,Dragonborn.esm:01DF8F,DLC2DragonAspectArmsPerk,perk progression reference,scan-only; use detailed candidate table or local xEdit/CK inspection for effects and conditions,candidate-scan
Dragonborn.esm,Dragonborn.esm:01DF9B,DLC2DragonAspectHeadPerk,perk progression reference,scan-only; use detailed candidate table or local xEdit/CK inspection for effects and conditions,candidate-scan
Dragonborn.esm,Dragonborn.esm:01EEC7,DLC2DremoraPrices,perk progression reference,scan-only; use detailed candidate table or local xEdit/CK inspection for effects and conditions,candidate-scan
Dragonborn.esm,Dragonborn.esm:035B17,DLC2dunFrostmoonRingBloodlustBloodlust,perk progression reference,scan-only; use detailed candidate table or local xEdit/CK inspection for effects and conditions,candidate-scan
Dragonborn.esm,Dragonborn.esm:035B16,DLC2dunFrostmoonRingMoonMagnifyHowls,perk progression reference,scan-only; use detailed candidate table or local xEdit/CK inspection for effects and conditions,candidate-scan
Dragonborn.esm,Dragonborn.esm:038055,DLC2dunHaknirScimitar01Perk,perk progression reference,scan-only; use detailed candidate table or local xEdit/CK inspection for effects and conditions,candidate-scan
Dragonborn.esm,Dragonborn.esm:038057,DLC2dunHaknirScimitar02Perk,perk progression reference,scan-only; use detailed candidate table or local xEdit/CK inspection for effects and conditions,candidate-scan
Dragonborn.esm,Dragonborn.esm:029EE4,DLC2dunKarstaagModifySummonCountPerk,perk progression reference,scan-only; use detailed candidate table or local xEdit/CK inspection for effects and conditions,candidate-scan
Dragonborn.esm,Dragonborn.esm:027324,DLC2dunKolbjornArmorPerk,craft progression reference,scan-only; use detailed candidate table or local xEdit/CK inspection for effects and conditions,candidate-scan
Dragonborn.esm,Dragonborn.esm:027330,DLC2dunKolbjornGauntletsPerk,perk progression reference,scan-only; use detailed candidate table or local xEdit/CK inspection for effects and conditions,candidate-scan
Dragonborn.esm,Dragonborn.esm:0270E9,DLC2dunKolbjornHelmPerk,perk progression reference,scan-only; use detailed candidate table or local xEdit/CK inspection for effects and conditions,candidate-scan
Dragonborn.esm,Dragonborn.esm:027328,DLC2dunKolbjornRingNecromancyPerk,perk progression reference,scan-only; use detailed candidate table or local xEdit/CK inspection for effects and conditions,candidate-scan
Dragonborn.esm,Dragonborn.esm:03D597,DLC2dunTT2IldariPerk,perk progression reference,scan-only; use detailed candidate table or local xEdit/CK inspection for effects and conditions,candidate-scan
Dragonborn.esm,Dragonborn.esm:03D291,DLC2EbonyWarriorPickPocketMod,perk progression reference,scan-only; use detailed candidate table or local xEdit/CK inspection for effects and conditions,candidate-scan
Dragonborn.esm,Dragonborn.esm:02648F,DLC2HorksbanePerk,perk progression reference,scan-only; use detailed candidate table or local xEdit/CK inspection for effects and conditions,candidate-scan
Dragonborn.esm,Dragonborn.esm:017745,DLC2MageArmor30NPC,craft progression reference,scan-only; use detailed candidate table or local xEdit/CK inspection for effects and conditions,candidate-scan
Dragonborn.esm,Dragonborn.esm:017743,DLC2MageArmor50NPC,craft progression reference,scan-only; use detailed candidate table or local xEdit/CK inspection for effects and conditions,candidate-scan
Dragonborn.esm,Dragonborn.esm:017744,DLC2MageArmor70NPC,craft progression reference,scan-only; use detailed candidate table or local xEdit/CK inspection for effects and conditions,candidate-scan
Dragonborn.esm,Dragonborn.esm:024109,DLC2MatchingSet,perk progression reference,scan-only; use detailed candidate table or local xEdit/CK inspection for effects and conditions,candidate-scan
Dragonborn.esm,Dragonborn.esm:02410A,DLC2MatchingSetHeavy,perk progression reference,scan-only; use detailed candidate table or local xEdit/CK inspection for effects and conditions,candidate-scan
Dragonborn.esm,Dragonborn.esm:03D5B4,DLC2MQ06DragonNerfDamageMiraakPerk,perk progression reference,scan-only; use detailed candidate table or local xEdit/CK inspection for effects and conditions,candidate-scan
Dragonborn.esm,Dragonborn.esm:03D5CD,DLC2MQ06MiraakExtraDamageDragonsPerk,perk progression reference,scan-only; use detailed candidate table or local xEdit/CK inspection for effects and conditions,candidate-scan
Dragonborn.esm,Dragonborn.esm:01773F,DLC2NecromageNPC,perk progression reference,scan-only; use detailed candidate table or local xEdit/CK inspection for effects and conditions,candidate-scan
Dragonborn.esm,Dragonborn.esm:017742,DLC2Recovery50NPC,perk progression reference,scan-only; use detailed candidate table or local xEdit/CK inspection for effects and conditions,candidate-scan
Dragonborn.esm,Dragonborn.esm:024108,DLC2Smithing,craft progression reference,scan-only; use detailed candidate table or local xEdit/CK inspection for effects and conditions,candidate-scan
Dragonborn.esm,Dragonborn.esm:017739,DLC2StaffEnchantingMult,magic progression reference,scan-only; use detailed candidate table or local xEdit/CK inspection for effects and conditions,candidate-scan
Dragonborn.esm,Dragonborn.esm:026233,DLC2StalhrimEnchanting,magic progression reference,scan-only; use detailed candidate table or local xEdit/CK inspection for effects and conditions,candidate-scan
Dragonborn.esm,Dragonborn.esm:01DF9E,DLC2StandingStoneEarthPerk,perk progression reference,scan-only; use detailed candidate table or local xEdit/CK inspection for effects and conditions,candidate-scan
Dragonborn.esm,Dragonborn.esm:01DFA9,DLC2StandingStoneTreePerk,perk progression reference,scan-only; use detailed candidate table or local xEdit/CK inspection for effects and conditions,candidate-scan
Dragonborn.esm,Dragonborn.esm:03A32E,DLC2Summoner,perk progression reference,scan-only; use detailed candidate table or local xEdit/CK inspection for effects and conditions,candidate-scan
Dragonborn.esm,Dragonborn.esm:01773E,DLC2Summoner70NPC,perk progression reference,scan-only; use detailed candidate table or local xEdit/CK inspection for effects and conditions,candidate-scan
Dragonborn.esm,Dragonborn.esm:01CAEA,DLC2TameDragonActivatePerk,perk progression reference,scan-only; use detailed candidate table or local xEdit/CK inspection for effects and conditions,candidate-scan
Dragonborn.esm,Dragonborn.esm:01CDF0,DLC2TTR3aAshExtractionPerk,perk progression reference,scan-only; use detailed candidate table or local xEdit/CK inspection for effects and conditions,candidate-scan
Dragonborn.esm,Dragonborn.esm:01CDE7,DLC2TTR4bBlockActivation,perk progression reference,scan-only; use detailed candidate table or local xEdit/CK inspection for effects and conditions,candidate-scan
Dragonborn.esm,Dragonborn.esm:01C05B,DLC2TTR5BriarheartHarvestPerk,perk progression reference,scan-only; use detailed candidate table or local xEdit/CK inspection for effects and conditions,candidate-scan
Dragonborn.esm,Dragonborn.esm:017740,DLC2wardAbsorbNPC,perk progression reference,scan-only; use detailed candidate table or local xEdit/CK inspection for effects and conditions,candidate-scan
Dragonborn.esm,Skyrim.esm:03FFFA,HackAndSlash30,perk progression reference,scan-only; use detailed candidate table or local xEdit/CK inspection for effects and conditions,candidate-scan
Dragonborn.esm,Skyrim.esm:0C3678,HackAndSlash60,perk progression reference,scan-only; use detailed candidate table or local xEdit/CK inspection for effects and conditions,candidate-scan
Dragonborn.esm,Skyrim.esm:0C3679,HackAndSlash90,perk progression reference,scan-only; use detailed candidate table or local xEdit/CK inspection for effects and conditions,candidate-scan
Dragonborn.esm,Skyrim.esm:0C5C05,Limbsplitter30,perk progression reference,scan-only; use detailed candidate table or local xEdit/CK inspection for effects and conditions,candidate-scan
Dragonborn.esm,Skyrim.esm:0C5C06,Limbsplitter60,perk progression reference,scan-only; use detailed candidate table or local xEdit/CK inspection for effects and conditions,candidate-scan
Dragonborn.esm,Skyrim.esm:0C5C07,Limbsplitter90,perk progression reference,scan-only; use detailed candidate table or local xEdit/CK inspection for effects and conditions,candidate-scan
Dragonborn.esm,Skyrim.esm:03AF84,Skullcrusher30,perk progression reference,scan-only; use detailed candidate table or local xEdit/CK inspection for effects and conditions,candidate-scan
Dragonborn.esm,Skyrim.esm:0C1E96,Skullcrusher60,perk progression reference,scan-only; use detailed candidate table or local xEdit/CK inspection for effects and conditions,candidate-scan
Dragonborn.esm,Skyrim.esm:0C1E97,Skullcrusher90,perk progression reference,scan-only; use detailed candidate table or local xEdit/CK inspection for effects and conditions,candidate-scan
Dragonborn.esm,Skyrim.esm:03AFA7,Warmaster,perk progression reference,scan-only; use detailed candidate table or local xEdit/CK inspection for effects and conditions,candidate-scan
HearthFires.esm,HearthFires.esm:004295,BYOHRestedAdoptionPerk,perk progression reference,scan-only; use detailed candidate table or local xEdit/CK inspection for effects and conditions,candidate-scan
Skyrim.esm,Skyrim.esm:0C3680,AdeptLocks50,perk progression reference,scan-only; use detailed candidate table or local xEdit/CK inspection for effects and conditions,candidate-scan
Skyrim.esm,Skyrim.esm:0CB414,AdvancedArmors,craft progression reference,scan-only; use detailed candidate table or local xEdit/CK inspection for effects and conditions,candidate-scan
Skyrim.esm,Skyrim.esm:0BE123,AgileDefender00,perk progression reference,scan-only; use detailed candidate table or local xEdit/CK inspection for effects and conditions,candidate-scan
Skyrim.esm,Skyrim.esm:079376,AgileDefender20,perk progression reference,scan-only; use detailed candidate table or local xEdit/CK inspection for effects and conditions,candidate-scan
Skyrim.esm,Skyrim.esm:079389,AgileDefender40,perk progression reference,scan-only; use detailed candidate table or local xEdit/CK inspection for effects and conditions,candidate-scan
Skyrim.esm,Skyrim.esm:079391,AgileDefender60,perk progression reference,scan-only; use detailed candidate table or local xEdit/CK inspection for effects and conditions,candidate-scan
Skyrim.esm,Skyrim.esm:079392,AgileDefender80,perk progression reference,scan-only; use detailed candidate table or local xEdit/CK inspection for effects and conditions,candidate-scan
Skyrim.esm,Skyrim.esm:0BE127,Alchemist00,perk progression reference,scan-only; use detailed candidate table or local xEdit/CK inspection for effects and conditions,candidate-scan
Skyrim.esm,Skyrim.esm:0C07CA,Alchemist20,perk progression reference,scan-only; use detailed candidate table or local xEdit/CK inspection for effects and conditions,candidate-scan
Skyrim.esm,Skyrim.esm:0C07CB,Alchemist40,perk progression reference,scan-only; use detailed candidate table or local xEdit/CK inspection for effects and conditions,candidate-scan
Skyrim.esm,Skyrim.esm:0C07CC,Alchemist60,perk progression reference,scan-only; use detailed candidate table or local xEdit/CK inspection for effects and conditions,candidate-scan
Skyrim.esm,Skyrim.esm:0C07CD,Alchemist80,perk progression reference,scan-only; use detailed candidate table or local xEdit/CK inspection for effects and conditions,candidate-scan
Skyrim.esm,Skyrim.esm:0A725C,AlchemySkillBoosts,perk progression reference,scan-only; use detailed candidate table or local xEdit/CK inspection for effects and conditions,candidate-scan
Skyrim.esm,Skyrim.esm:0F11A9,AllowShoutingPerk,perk progression reference,scan-only; use detailed candidate table or local xEdit/CK inspection for effects and conditions,candidate-scan
Skyrim.esm,Skyrim.esm:058F75,Allure,perk progression reference,scan-only; use detailed candidate table or local xEdit/CK inspection for effects and conditions,candidate-scan
Skyrim.esm,Skyrim.esm:0C44B8,AlterationAdept50,perk progression reference,scan-only; use detailed candidate table or local xEdit/CK inspection for effects and conditions,candidate-scan
Skyrim.esm,Skyrim.esm:0C44B7,AlterationApprentice25,perk progression reference,scan-only; use detailed candidate table or local xEdit/CK inspection for effects and conditions,candidate-scan
Skyrim.esm,Skyrim.esm:0153CD,AlterationDualCasting,perk progression reference,scan-only; use detailed candidate table or local xEdit/CK inspection for effects and conditions,candidate-scan
Skyrim.esm,Skyrim.esm:0C44B9,AlterationExpert75,perk progression reference,scan-only; use detailed candidate table or local xEdit/CK inspection for effects and conditions,candidate-scan
Skyrim.esm,Skyrim.esm:0C44BA,AlterationMaster100,perk progression reference,scan-only; use detailed candidate table or local xEdit/CK inspection for effects and conditions,candidate-scan
Skyrim.esm,Skyrim.esm:0F2CA6,AlterationNovice00,perk progression reference,scan-only; use detailed candidate table or local xEdit/CK inspection for effects and conditions,candidate-scan
Skyrim.esm,Skyrim.esm:0581E1,Animage,perk progression reference,scan-only; use detailed candidate table or local xEdit/CK inspection for effects and conditions,candidate-scan
Skyrim.esm,Skyrim.esm:0BE125,ApprenticeLocks25,perk progression reference,scan-only; use detailed candidate table or local xEdit/CK inspection for effects and conditions,candidate-scan
Skyrim.esm,Skyrim.esm:05218E,ArcaneBlacksmith,craft progression reference,scan-only; use detailed candidate table or local xEdit/CK inspection for effects and conditions,candidate-scan
Skyrim.esm,Skyrim.esm:0BABE4,Armsman00,perk progression reference,scan-only; use detailed candidate table or local xEdit/CK inspection for effects and conditions,candidate-scan
Skyrim.esm,Skyrim.esm:079343,Armsman20,perk progression reference,scan-only; use detailed candidate table or local xEdit/CK inspection for effects and conditions,candidate-scan
Skyrim.esm,Skyrim.esm:079342,Armsman40,perk progression reference,scan-only; use detailed candidate table or local xEdit/CK inspection for effects and conditions,candidate-scan
Skyrim.esm,Skyrim.esm:079344,Armsman60,perk progression reference,scan-only; use detailed candidate table or local xEdit/CK inspection for effects and conditions,candidate-scan
Skyrim.esm,Skyrim.esm:079345,Armsman80,perk progression reference,scan-only; use detailed candidate table or local xEdit/CK inspection for effects and conditions,candidate-scan
Skyrim.esm,Skyrim.esm:059B78,AspectOfTerror,perk progression reference,scan-only; use detailed candidate table or local xEdit/CK inspection for effects and conditions,candidate-scan
Skyrim.esm,Skyrim.esm:058211,AssassinsBlade,perk progression reference,scan-only; use detailed candidate table or local xEdit/CK inspection for effects and conditions,candidate-scan
Skyrim.esm,Skyrim.esm:0CB419,Atromancy,perk progression reference,scan-only; use detailed candidate table or local xEdit/CK inspection for effects and conditions,candidate-scan
Skyrim.esm,Skyrim.esm:0581F7,atronach,perk progression reference,scan-only; use detailed candidate table or local xEdit/CK inspection for effects and conditions,candidate-scan
Skyrim.esm,Skyrim.esm:0581E7,AugmentedFlames,perk progression reference,scan-only; use detailed candidate table or local xEdit/CK inspection for effects and conditions,candidate-scan
Skyrim.esm,Skyrim.esm:10FCF8,AugmentedFlames60,perk progression reference,scan-only; use detailed candidate table or local xEdit/CK inspection for effects and conditions,candidate-scan
Skyrim.esm,Skyrim.esm:0581EA,AugmentedFrost,perk progression reference,scan-only; use detailed candidate table or local xEdit/CK inspection for effects and conditions,candidate-scan
Skyrim.esm,Skyrim.esm:10FCF9,AugmentedFrost60,perk progression reference,scan-only; use detailed candidate table or local xEdit/CK inspection for effects and conditions,candidate-scan
Skyrim.esm,Skyrim.esm:058200,AugmentedShock,perk progression reference,scan-only; use detailed candidate table or local xEdit/CK inspection for effects and conditions,candidate-scan
Skyrim.esm,Skyrim.esm:10FCFA,AugmentedShock60,perk progression reference,scan-only; use detailed candidate table or local xEdit/CK inspection for effects and conditions,candidate-scan
Skyrim.esm,Skyrim.esm:0A3F64,AvoidDeath,perk progression reference,scan-only; use detailed candidate table or local xEdit/CK inspection for effects and conditions,candidate-scan
Skyrim.esm,Skyrim.esm:058210,Backstab,perk progression reference,scan-only; use detailed candidate table or local xEdit/CK inspection for effects and conditions,candidate-scan
Skyrim.esm,Skyrim.esm:0BABE8,Barbarian00,perk progression reference,scan-only; use detailed candidate table or local xEdit/CK inspection for effects and conditions,candidate-scan
Skyrim.esm,Skyrim.esm:079346,Barbarian20,perk progression reference,scan-only; use detailed candidate table or local xEdit/CK inspection for effects and conditions,candidate-scan
Skyrim.esm,Skyrim.esm:079347,Barbarian40,perk progression reference,scan-only; use detailed candidate table or local xEdit/CK inspection for effects and conditions,candidate-scan
Skyrim.esm,Skyrim.esm:079348,Barbarian60,perk progression reference,scan-only; use detailed candidate table or local xEdit/CK inspection for effects and conditions,candidate-scan
Skyrim.esm,Skyrim.esm:079349,Barbarian80,perk progression reference,scan-only; use detailed candidate table or local xEdit/CK inspection for effects and conditions,candidate-scan
Skyrim.esm,Skyrim.esm:058216,Benefactor,perk progression reference,scan-only; use detailed candidate table or local xEdit/CK inspection for effects and conditions,candidate-scan
Skyrim.esm,Skyrim.esm:05F56F,Bladesman30,perk progression reference,scan-only; use detailed candidate table or local xEdit/CK inspection for effects and conditions,candidate-scan
Skyrim.esm,Skyrim.esm:0C1E90,Bladesman60,perk progression reference,scan-only; use detailed candidate table or local xEdit/CK inspection for effects and conditions,candidate-scan
Skyrim.esm,Skyrim.esm:0C1E91,Bladesman90,perk progression reference,scan-only; use detailed candidate table or local xEdit/CK inspection for effects and conditions,candidate-scan
Skyrim.esm,Skyrim.esm:106253,BlockRunner,perk progression reference,scan-only; use detailed candidate table or local xEdit/CK inspection for effects and conditions,candidate-scan
Skyrim.esm,Skyrim.esm:05F592,BoneBreaker30,perk progression reference,scan-only; use detailed candidate table or local xEdit/CK inspection for effects and conditions,candidate-scan
Skyrim.esm,Skyrim.esm:0C1E92,BoneBreaker60,perk progression reference,scan-only; use detailed candidate table or local xEdit/CK inspection for effects and conditions,candidate-scan
Skyrim.esm,Skyrim.esm:0C1E93,BoneBreaker90,perk progression reference,scan-only; use detailed candidate table or local xEdit/CK inspection for effects and conditions,candidate-scan
Skyrim.esm,Skyrim.esm:058F72,Bribery,social/economy progression reference,scan-only; use detailed candidate table or local xEdit/CK inspection for effects and conditions,candidate-scan
Skyrim.esm,Skyrim.esm:058F64,Bullseye,perk progression reference,scan-only; use detailed candidate table or local xEdit/CK inspection for effects and conditions,candidate-scan
Skyrim.esm,Skyrim.esm:0F8308,C06BladeOfYsgramorPerk,perk progression reference,scan-only; use detailed candidate table or local xEdit/CK inspection for effects and conditions,candidate-scan
Skyrim.esm,Skyrim.esm:05821B,Catalyst,perk progression reference,scan-only; use detailed candidate table or local xEdit/CK inspection for effects and conditions,candidate-scan
Skyrim.esm,Skyrim.esm:052D51,ChampionsStance,perk progression reference,scan-only; use detailed candidate table or local xEdit/CK inspection for effects and conditions,candidate-scan
Skyrim.esm,Skyrim.esm:105F2F,ConcentratedPoison,perk progression reference,scan-only; use detailed candidate table or local xEdit/CK inspection for effects and conditions,candidate-scan
Skyrim.esm,Skyrim.esm:058F6D,Conditioning,perk progression reference,scan-only; use detailed candidate table or local xEdit/CK inspection for effects and conditions,candidate-scan
Skyrim.esm,Skyrim.esm:0C44BC,ConjurationAdept50,perk progression reference,scan-only; use detailed candidate table or local xEdit/CK inspection for effects and conditions,candidate-scan
Skyrim.esm,Skyrim.esm:0C44BB,ConjurationApprentice25,perk progression reference,scan-only; use detailed candidate table or local xEdit/CK inspection for effects and conditions,candidate-scan
Skyrim.esm,Skyrim.esm:0153CE,ConjurationDualCasting,perk progression reference,scan-only; use detailed candidate table or local xEdit/CK inspection for effects and conditions,candidate-scan
Skyrim.esm,Skyrim.esm:0C44BD,ConjurationExpert75,perk progression reference,scan-only; use detailed candidate table or local xEdit/CK inspection for effects and conditions,candidate-scan
Skyrim.esm,Skyrim.esm:0C44BE,ConjurationMaster100,perk progression reference,scan-only; use detailed candidate table or local xEdit/CK inspection for effects and conditions,candidate-scan
Skyrim.esm,Skyrim.esm:0F2CA7,ConjurationNovice00,perk progression reference,scan-only; use detailed candidate table or local xEdit/CK inspection for effects and conditions,candidate-scan
Skyrim.esm,Skyrim.esm:058F7D,CorpusEnchanter,magic progression reference,scan-only; use detailed candidate table or local xEdit/CK inspection for effects and conditions,candidate-scan
Skyrim.esm,Skyrim.esm:1046BD,crDragonResistNPCs,perk progression reference,scan-only; use detailed candidate table or local xEdit/CK inspection for effects and conditions,candidate-scan
Skyrim.esm,Skyrim.esm:10D1E1,crExtraDamage0112,perk progression reference,scan-only; use detailed candidate table or local xEdit/CK inspection for effects and conditions,candidate-scan
Skyrim.esm,Skyrim.esm:103A8F,crExtraDamage015,perk progression reference,scan-only; use detailed candidate table or local xEdit/CK inspection for effects and conditions,candidate-scan
Skyrim.esm,Skyrim.esm:101075,crExtraDamage02,perk progression reference,scan-only; use detailed candidate table or local xEdit/CK inspection for effects and conditions,candidate-scan
Skyrim.esm,Skyrim.esm:103A90,crExtraDamage025,perk progression reference,scan-only; use detailed candidate table or local xEdit/CK inspection for effects and conditions,candidate-scan
Skyrim.esm,Skyrim.esm:0FA2C5,crExtraDamage03,perk progression reference,scan-only; use detailed candidate table or local xEdit/CK inspection for effects and conditions,candidate-scan
Skyrim.esm,Skyrim.esm:103A91,crExtraDamage035,perk progression reference,scan-only; use detailed candidate table or local xEdit/CK inspection for effects and conditions,candidate-scan
Skyrim.esm,Skyrim.esm:0FA2C4,crExtraDamage04,perk progression reference,scan-only; use detailed candidate table or local xEdit/CK inspection for effects and conditions,candidate-scan
Skyrim.esm,Skyrim.esm:103A92,crExtraDamage045,perk progression reference,scan-only; use detailed candidate table or local xEdit/CK inspection for effects and conditions,candidate-scan
Skyrim.esm,Skyrim.esm:0FA2C6,crExtraDamage05,perk progression reference,scan-only; use detailed candidate table or local xEdit/CK inspection for effects and conditions,candidate-scan
Skyrim.esm,Skyrim.esm:101076,crExtraDamage06,perk progression reference,scan-only; use detailed candidate table or local xEdit/CK inspection for effects and conditions,candidate-scan
Skyrim.esm,Skyrim.esm:109D7A,crFalmerPoison01,perk progression reference,scan-only; use detailed candidate table or local xEdit/CK inspection for effects and conditions,candidate-scan
Skyrim.esm,Skyrim.esm:109D82,crFalmerPoison02,perk progression reference,scan-only; use detailed candidate table or local xEdit/CK inspection for effects and conditions,candidate-scan
Skyrim.esm,Skyrim.esm:109D83,crFalmerPoison03,perk progression reference,scan-only; use detailed candidate table or local xEdit/CK inspection for effects and conditions,candidate-scan
Skyrim.esm,Skyrim.esm:109D84,crFalmerPoison04,perk progression reference,scan-only; use detailed candidate table or local xEdit/CK inspection for effects and conditions,candidate-scan
Skyrim.esm,Skyrim.esm:109D85,crFalmerPoison05,perk progression reference,scan-only; use detailed candidate table or local xEdit/CK inspection for effects and conditions,candidate-scan
Skyrim.esm,Skyrim.esm:0CB406,CriticalCharge,perk progression reference,scan-only; use detailed candidate table or local xEdit/CK inspection for effects and conditions,candidate-scan
Skyrim.esm,Skyrim.esm:105F1C,CriticalShot30,perk progression reference,scan-only; use detailed candidate table or local xEdit/CK inspection for effects and conditions,candidate-scan
Skyrim.esm,Skyrim.esm:105F1E,CriticalShot60,perk progression reference,scan-only; use detailed candidate table or local xEdit/CK inspection for effects and conditions,candidate-scan
Skyrim.esm,Skyrim.esm:105F1F,CriticalShot90,perk progression reference,scan-only; use detailed candidate table or local xEdit/CK inspection for effects and conditions,candidate-scan
Skyrim.esm,Skyrim.esm:10C041,crNerfDamage05,perk progression reference,scan-only; use detailed candidate table or local xEdit/CK inspection for effects and conditions,candidate-scan
Skyrim.esm,Skyrim.esm:107E29,crReduceDamage05,perk progression reference,scan-only; use detailed candidate table or local xEdit/CK inspection for effects and conditions,candidate-scan
Skyrim.esm,Skyrim.esm:10EC8D,crReduceDamage075,perk progression reference,scan-only; use detailed candidate table or local xEdit/CK inspection for effects and conditions,candidate-scan
Skyrim.esm,Skyrim.esm:109D0D,crSprigganResistDamageWhileRegenerating,perk progression reference,scan-only; use detailed candidate table or local xEdit/CK inspection for effects and conditions,candidate-scan
Skyrim.esm,Skyrim.esm:10BEA8,crWoundedSpider,perk progression reference,scan-only; use detailed candidate table or local xEdit/CK inspection for effects and conditions,candidate-scan
Skyrim.esm,Skyrim.esm:0BCD2B,Cushioned,perk progression reference,scan-only; use detailed candidate table or local xEdit/CK inspection for effects and conditions,candidate-scan
Skyrim.esm,Skyrim.esm:051B1B,CustomFit,perk progression reference,scan-only; use detailed candidate table or local xEdit/CK inspection for effects and conditions,candidate-scan
Skyrim.esm,Skyrim.esm:058204,Cutpurse,perk progression reference,scan-only; use detailed candidate table or local xEdit/CK inspection for effects and conditions,candidate-scan
Skyrim.esm,Skyrim.esm:10BF7D,CWGuardExtraDamageToPlayer,perk progression reference,scan-only; use detailed candidate table or local xEdit/CK inspection for effects and conditions,candidate-scan
Skyrim.esm,Skyrim.esm:10B1D9,CWSoldierExtraDamageToPlayer,perk progression reference,scan-only; use detailed candidate table or local xEdit/CK inspection for effects and conditions,candidate-scan
Skyrim.esm,Skyrim.esm:079AF5,DA04BloodHarvestPerk,perk progression reference,scan-only; use detailed candidate table or local xEdit/CK inspection for effects and conditions,candidate-scan
Skyrim.esm,Skyrim.esm:0F8305,DA05HircinesRingCursedPerk,perk progression reference,scan-only; use detailed candidate table or local xEdit/CK inspection for effects and conditions,candidate-scan
Skyrim.esm,Skyrim.esm:0F8303,DA05HircinesRingPerk,perk progression reference,scan-only; use detailed candidate table or local xEdit/CK inspection for effects and conditions,candidate-scan
Skyrim.esm,Skyrim.esm:10FAED,DA08EbonyBladePerk,perk progression reference,scan-only; use detailed candidate table or local xEdit/CK inspection for effects and conditions,candidate-scan
Skyrim.esm,Skyrim.esm:0EE5C3,DA11Cannibalism,perk progression reference,scan-only; use detailed candidate table or local xEdit/CK inspection for effects and conditions,candidate-scan
Skyrim.esm,Skyrim.esm:0CB413,DaedricSmithing,craft progression reference,scan-only; use detailed candidate table or local xEdit/CK inspection for effects and conditions,candidate-scan
Skyrim.esm,Skyrim.esm:0581DE,DarkSouls,perk progression reference,scan-only; use detailed candidate table or local xEdit/CK inspection for effects and conditions,candidate-scan
Skyrim.esm,Skyrim.esm:0FF15B,DBBackstab,perk progression reference,scan-only; use detailed candidate table or local xEdit/CK inspection for effects and conditions,candidate-scan
Skyrim.esm,Skyrim.esm:01711C,DBWellFitted,perk progression reference,scan-only; use detailed candidate table or local xEdit/CK inspection for effects and conditions,candidate-scan
Skyrim.esm,Skyrim.esm:1036F0,DeadlyAim,perk progression reference,scan-only; use detailed candidate table or local xEdit/CK inspection for effects and conditions,candidate-scan
Skyrim.esm,Skyrim.esm:05F594,DeadlyBash,perk progression reference,scan-only; use detailed candidate table or local xEdit/CK inspection for effects and conditions,candidate-scan
Skyrim.esm,Skyrim.esm:0F3933,DeepFreeze,perk progression reference,scan-only; use detailed candidate table or local xEdit/CK inspection for effects and conditions,candidate-scan
Skyrim.esm,Skyrim.esm:03AF83,DeepWounds30,perk progression reference,scan-only; use detailed candidate table or local xEdit/CK inspection for effects and conditions,candidate-scan
Skyrim.esm,Skyrim.esm:0C1E94,DeepWounds60,perk progression reference,scan-only; use detailed candidate table or local xEdit/CK inspection for effects and conditions,candidate-scan
Skyrim.esm,Skyrim.esm:0C1E95,DeepWounds90,perk progression reference,scan-only; use detailed candidate table or local xEdit/CK inspection for effects and conditions,candidate-scan
Skyrim.esm,Skyrim.esm:058F68,DeflectArrows,perk progression reference,scan-only; use detailed candidate table or local xEdit/CK inspection for effects and conditions,candidate-scan
Skyrim.esm,Skyrim.esm:107831,DeftMovement,perk progression reference,scan-only; use detailed candidate table or local xEdit/CK inspection for effects and conditions,candidate-scan
Skyrim.esm,Skyrim.esm:0C44C0,DestructionAdept50,perk progression reference,scan-only; use detailed candidate table or local xEdit/CK inspection for effects and conditions,candidate-scan
Skyrim.esm,Skyrim.esm:0C44BF,DestructionApprentice25,perk progression reference,scan-only; use detailed candidate table or local xEdit/CK inspection for effects and conditions,candidate-scan
Skyrim.esm,Skyrim.esm:0153CF,DestructionDualCasting,perk progression reference,scan-only; use detailed candidate table or local xEdit/CK inspection for effects and conditions,candidate-scan
Skyrim.esm,Skyrim.esm:0C44C1,DestructionExpert75,perk progression reference,scan-only; use detailed candidate table or local xEdit/CK inspection for effects and conditions,candidate-scan
Skyrim.esm,Skyrim.esm:0C44C2,DestructionMaster100,perk progression reference,scan-only; use detailed candidate table or local xEdit/CK inspection for effects and conditions,candidate-scan
Skyrim.esm,Skyrim.esm:0F2CA8,DestructionNovice00,perk progression reference,scan-only; use detailed candidate table or local xEdit/CK inspection for effects and conditions,candidate-scan
Skyrim.esm,Skyrim.esm:052D52,DevastatingBlow,perk progression reference,scan-only; use detailed candidate table or local xEdit/CK inspection for effects and conditions,candidate-scan
Skyrim.esm,Skyrim.esm:058F66,DisarmingBash,perk progression reference,scan-only; use detailed candidate table or local xEdit/CK inspection for effects and conditions,candidate-scan
Skyrim.esm,Skyrim.esm:0F3F0E,Disintegrate,perk progression reference,scan-only; use detailed candidate table or local xEdit/CK inspection for effects and conditions,candidate-scan
Skyrim.esm,Skyrim.esm:0E5F4F,doomAtronachPerk,perk progression reference,scan-only; use detailed candidate table or local xEdit/CK inspection for effects and conditions,candidate-scan
Skyrim.esm,Skyrim.esm:0E5F57,doomLoverPerk,perk progression reference,scan-only; use detailed candidate table or local xEdit/CK inspection for effects and conditions,candidate-scan
Skyrim.esm,Skyrim.esm:0E5F49,doomMagePerk,perk progression reference,scan-only; use detailed candidate table or local xEdit/CK inspection for effects and conditions,candidate-scan
Skyrim.esm,Skyrim.esm:106092,doomRitualPerk,perk progression reference,scan-only; use detailed candidate table or local xEdit/CK inspection for effects and conditions,candidate-scan
Skyrim.esm,Skyrim.esm:01BAC9,doomSteedEncumberPerk,perk progression reference,scan-only; use detailed candidate table or local xEdit/CK inspection for effects and conditions,candidate-scan
Skyrim.esm,Skyrim.esm:0E5F60,doomSteedPerk,perk progression reference,scan-only; use detailed candidate table or local xEdit/CK inspection for effects and conditions,candidate-scan
Skyrim.esm,Skyrim.esm:0E5F46,doomThiefPerk,perk progression reference,scan-only; use detailed candidate table or local xEdit/CK inspection for effects and conditions,candidate-scan
Skyrim.esm,Skyrim.esm:0E7326,doomTowerPerk,perk progression reference,scan-only; use detailed candidate table or local xEdit/CK inspection for effects and conditions,candidate-scan
Skyrim.esm,Skyrim.esm:0E5F4A,doomWarriorPerk,perk progression reference,scan-only; use detailed candidate table or local xEdit/CK inspection for effects and conditions,candidate-scan
Skyrim.esm,Skyrim.esm:052190,DragonArmor,craft progression reference,scan-only; use detailed candidate table or local xEdit/CK inspection for effects and conditions,candidate-scan
Skyrim.esm,Skyrim.esm:109639,DragonhideSpellPerk,magic progression reference,scan-only; use detailed candidate table or local xEdit/CK inspection for effects and conditions,candidate-scan
Skyrim.esm,Skyrim.esm:106256,DualFlurry30,perk progression reference,scan-only; use detailed candidate table or local xEdit/CK inspection for effects and conditions,candidate-scan
Skyrim.esm,Skyrim.esm:106257,DualFlurry50,perk progression reference,scan-only; use detailed candidate table or local xEdit/CK inspection for effects and conditions,candidate-scan
Skyrim.esm,Skyrim.esm:10F934,DualFlurryActive,perk progression reference,scan-only; use detailed candidate table or local xEdit/CK inspection for effects and conditions,candidate-scan
Skyrim.esm,Skyrim.esm:106258,DualSavagery,perk progression reference,scan-only; use detailed candidate table or local xEdit/CK inspection for effects and conditions,candidate-scan
Skyrim.esm,Skyrim.esm:10CB92,dunFrostflowAbyssPerk,perk progression reference,scan-only; use detailed candidate table or local xEdit/CK inspection for effects and conditions,candidate-scan
Skyrim.esm,Skyrim.esm:107E2C,dunHunterQstPerk,perk progression reference,scan-only; use detailed candidate table or local xEdit/CK inspection for effects and conditions,candidate-scan
Skyrim.esm,Skyrim.esm:105A03,dunKatariahScimitarPerk,perk progression reference,scan-only; use detailed candidate table or local xEdit/CK inspection for effects and conditions,candidate-scan
Skyrim.esm,Skyrim.esm:0F5D2F,dunMossMotherPerk,perk progression reference,scan-only; use detailed candidate table or local xEdit/CK inspection for effects and conditions,candidate-scan
Skyrim.esm,Skyrim.esm:10582A,dunTargeOfTheBloodedPerk,perk progression reference,scan-only; use detailed candidate table or local xEdit/CK inspection for effects and conditions,candidate-scan
Skyrim.esm,Skyrim.esm:0CB40E,DwarvenSmithing,craft progression reference,scan-only; use detailed candidate table or local xEdit/CK inspection for effects and conditions,candidate-scan
Skyrim.esm,Skyrim.esm:058F61,EagleEye30,perk progression reference,scan-only; use detailed candidate table or local xEdit/CK inspection for effects and conditions,candidate-scan
Skyrim.esm,Skyrim.esm:0CB412,EbonySmithing,craft progression reference,scan-only; use detailed candidate table or local xEdit/CK inspection for effects and conditions,candidate-scan
Skyrim.esm,Skyrim.esm:0CB41A,ElementalPotency,perk progression reference,scan-only; use detailed candidate table or local xEdit/CK inspection for effects and conditions,candidate-scan
Skyrim.esm,Skyrim.esm:058F69,ElementalProtection,perk progression reference,scan-only; use detailed candidate table or local xEdit/CK inspection for effects and conditions,candidate-scan
Skyrim.esm,Skyrim.esm:0CB40F,ElvenSmithing,craft progression reference,scan-only; use detailed candidate table or local xEdit/CK inspection for effects and conditions,candidate-scan
Skyrim.esm,Skyrim.esm:0BEE97,Enchanter00,magic progression reference,scan-only; use detailed candidate table or local xEdit/CK inspection for effects and conditions,candidate-scan
Skyrim.esm,Skyrim.esm:0C367C,Enchanter20,magic progression reference,scan-only; use detailed candidate table or local xEdit/CK inspection for effects and conditions,candidate-scan
Skyrim.esm,Skyrim.esm:0C367D,Enchanter40,magic progression reference,scan-only; use detailed candidate table or local xEdit/CK inspection for effects and conditions,candidate-scan
Skyrim.esm,Skyrim.esm:0C367E,Enchanter60,magic progression reference,scan-only; use detailed candidate table or local xEdit/CK inspection for effects and conditions,candidate-scan
Skyrim.esm,Skyrim.esm:0C367F,Enchanter80,magic progression reference,scan-only; use detailed candidate table or local xEdit/CK inspection for effects and conditions,candidate-scan
Skyrim.esm,Skyrim.esm:058218,Experimenter50,perk progression reference,scan-only; use detailed candidate table or local xEdit/CK inspection for effects and conditions,candidate-scan
Skyrim.esm,Skyrim.esm:105F2A,Experimenter70,perk progression reference,scan-only; use detailed candidate table or local xEdit/CK inspection for effects and conditions,candidate-scan
Skyrim.esm,Skyrim.esm:105F2B,Experimenter90,perk progression reference,scan-only; use detailed candidate table or local xEdit/CK inspection for effects and conditions,candidate-scan
Skyrim.esm,Skyrim.esm:0C3681,ExpertLocks75,perk progression reference,scan-only; use detailed candidate table or local xEdit/CK inspection for effects and conditions,candidate-scan
Skyrim.esm,Skyrim.esm:058F7F,ExtraEffect,perk progression reference,scan-only; use detailed candidate table or local xEdit/CK inspection for effects and conditions,candidate-scan
Skyrim.esm,Skyrim.esm:096590,ExtraPockets,perk progression reference,scan-only; use detailed candidate table or local xEdit/CK inspection for effects and conditions,candidate-scan
Skyrim.esm,Skyrim.esm:058F79,fence,perk progression reference,scan-only; use detailed candidate table or local xEdit/CK inspection for effects and conditions,candidate-scan
Skyrim.esm,Skyrim.esm:052D50,FightingStance,perk progression reference,scan-only; use detailed candidate table or local xEdit/CK inspection for effects and conditions,candidate-scan
Skyrim.esm,Skyrim.esm:058F80,FireEnchanter,magic progression reference,scan-only; use detailed candidate table or local xEdit/CK inspection for effects and conditions,candidate-scan
Skyrim.esm,Skyrim.esm:0581E9,FireMastery,perk progression reference,scan-only; use detailed candidate table or local xEdit/CK inspection for effects and conditions,candidate-scan
Skyrim.esm,Skyrim.esm:058F6E,FistsOfSteel,perk progression reference,scan-only; use detailed candidate table or local xEdit/CK inspection for effects and conditions,candidate-scan
Skyrim.esm,Skyrim.esm:058F81,FrostEnchanter,magic progression reference,scan-only; use detailed candidate table or local xEdit/CK inspection for effects and conditions,candidate-scan
Skyrim.esm,Skyrim.esm:0581EC,FrostMastery,perk progression reference,scan-only; use detailed candidate table or local xEdit/CK inspection for effects and conditions,candidate-scan
Skyrim.esm,Skyrim.esm:0D2059,ghostExtraDamagePerk,perk progression reference,scan-only; use detailed candidate table or local xEdit/CK inspection for effects and conditions,candidate-scan
Skyrim.esm,Skyrim.esm:0D205B,ghostHalfDamagePerk,perk progression reference,scan-only; use detailed candidate table or local xEdit/CK inspection for effects and conditions,candidate-scan
Skyrim.esm,Skyrim.esm:0CB411,GlassSmithing,craft progression reference,scan-only; use detailed candidate table or local xEdit/CK inspection for effects and conditions,candidate-scan
Skyrim.esm,Skyrim.esm:05820A,GoldenTouch,perk progression reference,scan-only; use detailed candidate table or local xEdit/CK inspection for effects and conditions,candidate-scan
Skyrim.esm,Skyrim.esm:0CB407,GreatCriticalCharge,perk progression reference,scan-only; use detailed candidate table or local xEdit/CK inspection for effects and conditions,candidate-scan
Skyrim.esm,Skyrim.esm:105F2E,GreenThumb,perk progression reference,scan-only; use detailed candidate table or local xEdit/CK inspection for effects and conditions,candidate-scan
Skyrim.esm,Skyrim.esm:03FFFA,HackAndSlash30,perk progression reference,scan-only; use detailed candidate table or local xEdit/CK inspection for effects and conditions,candidate-scan
Skyrim.esm,Skyrim.esm:0C3678,HackAndSlash60,perk progression reference,scan-only; use detailed candidate table or local xEdit/CK inspection for effects and conditions,candidate-scan
Skyrim.esm,Skyrim.esm:0C3679,HackAndSlash90,perk progression reference,scan-only; use detailed candidate table or local xEdit/CK inspection for effects and conditions,candidate-scan
Skyrim.esm,Skyrim.esm:0BE128,Haggling00,perk progression reference,scan-only; use detailed candidate table or local xEdit/CK inspection for effects and conditions,candidate-scan
Skyrim.esm,Skyrim.esm:0C07CE,Haggling20,perk progression reference,scan-only; use detailed candidate table or local xEdit/CK inspection for effects and conditions,candidate-scan
Skyrim.esm,Skyrim.esm:0C07CF,Haggling40,perk progression reference,scan-only; use detailed candidate table or local xEdit/CK inspection for effects and conditions,candidate-scan
Skyrim.esm,Skyrim.esm:0C07D0,Haggling60,perk progression reference,scan-only; use detailed candidate table or local xEdit/CK inspection for effects and conditions,candidate-scan
Skyrim.esm,Skyrim.esm:0C07D1,Haggling80,perk progression reference,scan-only; use detailed candidate table or local xEdit/CK inspection for effects and conditions,candidate-scan
Skyrim.esm,Skyrim.esm:0E7509,Headsman,perk progression reference,scan-only; use detailed candidate table or local xEdit/CK inspection for effects and conditions,candidate-scan
Skyrim.esm,Skyrim.esm:051B12,HuntersDiscipline,perk progression reference,scan-only; use detailed candidate table or local xEdit/CK inspection for effects and conditions,candidate-scan
Skyrim.esm,Skyrim.esm:059B77,HypnoticGaze,perk progression reference,scan-only; use detailed candidate table or local xEdit/CK inspection for effects and conditions,candidate-scan
Skyrim.esm,Skyrim.esm:0C44C4,IllusionAdept50,perk progression reference,scan-only; use detailed candidate table or local xEdit/CK inspection for effects and conditions,candidate-scan
Skyrim.esm,Skyrim.esm:0C44C3,IllusionApprentice25,perk progression reference,scan-only; use detailed candidate table or local xEdit/CK inspection for effects and conditions,candidate-scan
Skyrim.esm,Skyrim.esm:0153D0,IllusionDualCasting,perk progression reference,scan-only; use detailed candidate table or local xEdit/CK inspection for effects and conditions,candidate-scan
Skyrim.esm,Skyrim.esm:0C44C5,IllusionExpert75,perk progression reference,scan-only; use detailed candidate table or local xEdit/CK inspection for effects and conditions,candidate-scan
Skyrim.esm,Skyrim.esm:0C44C6,IllusionMaster100,perk progression reference,scan-only; use detailed candidate table or local xEdit/CK inspection for effects and conditions,candidate-scan
Skyrim.esm,Skyrim.esm:0F2CA9,IllusionNovice00,perk progression reference,scan-only; use detailed candidate table or local xEdit/CK inspection for effects and conditions,candidate-scan
Skyrim.esm,Skyrim.esm:0153D2,Impact,perk progression reference,scan-only; use detailed candidate table or local xEdit/CK inspection for effects and conditions,candidate-scan
Skyrim.esm,Skyrim.esm:058219,ImprovedRemedy,perk progression reference,scan-only; use detailed candidate table or local xEdit/CK inspection for effects and conditions,candidate-scan
Skyrim.esm,Skyrim.esm:05821A,ImprovedVirulity,perk progression reference,scan-only; use detailed candidate table or local xEdit/CK inspection for effects and conditions,candidate-scan
Skyrim.esm,Skyrim.esm:058F7E,InsightfulEnchanter,magic progression reference,scan-only; use detailed candidate table or local xEdit/CK inspection for effects and conditions,candidate-scan
Skyrim.esm,Skyrim.esm:0F392E,IntenseFlames,perk progression reference,scan-only; use detailed candidate table or local xEdit/CK inspection for effects and conditions,candidate-scan
Skyrim.esm,Skyrim.esm:105F29,Intimidation,perk progression reference,scan-only; use detailed candidate table or local xEdit/CK inspection for effects and conditions,candidate-scan
Skyrim.esm,Skyrim.esm:058F7B,Investor,perk progression reference,scan-only; use detailed candidate table or local xEdit/CK inspection for effects and conditions,candidate-scan
Skyrim.esm,Skyrim.esm:0EB24A,InvulnerableActorZeroIncomingDamage,perk progression reference,scan-only; use detailed candidate table or local xEdit/CK inspection for effects and conditions,candidate-scan
Skyrim.esm,Skyrim.esm:10FE04,IrilethVsDragons,perk progression reference,scan-only; use detailed candidate table or local xEdit/CK inspection for effects and conditions,candidate-scan
Skyrim.esm,Skyrim.esm:0BCD2A,Juggernaut00,perk progression reference,scan-only; use detailed candidate table or local xEdit/CK inspection for effects and conditions,candidate-scan
Skyrim.esm,Skyrim.esm:07935E,Juggernaut20,perk progression reference,scan-only; use detailed candidate table or local xEdit/CK inspection for effects and conditions,candidate-scan
Skyrim.esm,Skyrim.esm:079361,Juggernaut40,perk progression reference,scan-only; use detailed candidate table or local xEdit/CK inspection for effects and conditions,candidate-scan
Skyrim.esm,Skyrim.esm:079362,Juggernaut60,perk progression reference,scan-only; use detailed candidate table or local xEdit/CK inspection for effects and conditions,candidate-scan
Skyrim.esm,Skyrim.esm:079374,Juggernaut80,perk progression reference,scan-only; use detailed candidate table or local xEdit/CK inspection for effects and conditions,candidate-scan
Skyrim.esm,Skyrim.esm:0D79A0,KeyMaster,perk progression reference,scan-only; use detailed candidate table or local xEdit/CK inspection for effects and conditions,candidate-scan
Skyrim.esm,Skyrim.esm:0581E2,KindredMage,perk progression reference,scan-only; use detailed candidate table or local xEdit/CK inspection for effects and conditions,candidate-scan
Skyrim.esm,Skyrim.esm:0BE124,LightFingers00,perk progression reference,scan-only; use detailed candidate table or local xEdit/CK inspection for effects and conditions,candidate-scan
Skyrim.esm,Skyrim.esm:018E6A,LightFingers20,perk progression reference,scan-only; use detailed candidate table or local xEdit/CK inspection for effects and conditions,candidate-scan
Skyrim.esm,Skyrim.esm:018E6B,LightFingers40,perk progression reference,scan-only; use detailed candidate table or local xEdit/CK inspection for effects and conditions,candidate-scan
Skyrim.esm,Skyrim.esm:018E6C,LightFingers60,perk progression reference,scan-only; use detailed candidate table or local xEdit/CK inspection for effects and conditions,candidate-scan
Skyrim.esm,Skyrim.esm:018E6D,LightFingers80,perk progression reference,scan-only; use detailed candidate table or local xEdit/CK inspection for effects and conditions,candidate-scan
Skyrim.esm,Skyrim.esm:05820C,LightFoot,perk progression reference,scan-only; use detailed candidate table or local xEdit/CK inspection for effects and conditions,candidate-scan
Skyrim.esm,Skyrim.esm:0C5BFB,LightTouch00,perk progression reference,scan-only; use detailed candidate table or local xEdit/CK inspection for effects and conditions,candidate-scan
Skyrim.esm,Skyrim.esm:0C5BFC,LightTouch20,perk progression reference,scan-only; use detailed candidate table or local xEdit/CK inspection for effects and conditions,candidate-scan
Skyrim.esm,Skyrim.esm:0C5BFD,LightTouch40,perk progression reference,scan-only; use detailed candidate table or local xEdit/CK inspection for effects and conditions,candidate-scan
Skyrim.esm,Skyrim.esm:0C5BFE,LightTouch60,perk progression reference,scan-only; use detailed candidate table or local xEdit/CK inspection for effects and conditions,candidate-scan
Skyrim.esm,Skyrim.esm:0C5BFF,LightTouch80,perk progression reference,scan-only; use detailed candidate table or local xEdit/CK inspection for effects and conditions,candidate-scan
Skyrim.esm,Skyrim.esm:0C5C05,Limbsplitter30,perk progression reference,scan-only; use detailed candidate table or local xEdit/CK inspection for effects and conditions,candidate-scan
Skyrim.esm,Skyrim.esm:0C5C06,Limbsplitter60,perk progression reference,scan-only; use detailed candidate table or local xEdit/CK inspection for effects and conditions,candidate-scan
Skyrim.esm,Skyrim.esm:0C5C07,Limbsplitter90,perk progression reference,scan-only; use detailed candidate table or local xEdit/CK inspection for effects and conditions,candidate-scan
Skyrim.esm,Skyrim.esm:058208,Locksmith,craft progression reference,scan-only; use detailed candidate table or local xEdit/CK inspection for effects and conditions,candidate-scan
Skyrim.esm,Skyrim.esm:0D7999,MageArmor30,craft progression reference,scan-only; use detailed candidate table or local xEdit/CK inspection for effects and conditions,candidate-scan
Skyrim.esm,Skyrim.esm:0D799A,MageArmor50,craft progression reference,scan-only; use detailed candidate table or local xEdit/CK inspection for effects and conditions,candidate-scan
Skyrim.esm,Skyrim.esm:0D799B,MageArmor70,craft progression reference,scan-only; use detailed candidate table or local xEdit/CK inspection for effects and conditions,candidate-scan
Skyrim.esm,Skyrim.esm:053128,MagicResistance30,magic progression reference,scan-only; use detailed candidate table or local xEdit/CK inspection for effects and conditions,candidate-scan
Skyrim.esm,Skyrim.esm:053129,MagicResistance50,magic progression reference,scan-only; use detailed candidate table or local xEdit/CK inspection for effects and conditions,candidate-scan
Skyrim.esm,Skyrim.esm:05312A,MagicResistance70,magic progression reference,scan-only; use detailed candidate table or local xEdit/CK inspection for effects and conditions,candidate-scan
Skyrim.esm,Skyrim.esm:0F5FF7,MarriageMealPerk,perk progression reference,scan-only; use detailed candidate table or local xEdit/CK inspection for effects and conditions,candidate-scan
Skyrim.esm,Skyrim.esm:0C3682,MasterLocks100,perk progression reference,scan-only; use detailed candidate table or local xEdit/CK inspection for effects and conditions,candidate-scan
Skyrim.esm,Skyrim.esm:059B76,MasterOfTheMind,perk progression reference,scan-only; use detailed candidate table or local xEdit/CK inspection for effects and conditions,candidate-scan
Skyrim.esm,Skyrim.esm:1090A5,MasterTrader,perk progression reference,scan-only; use detailed candidate table or local xEdit/CK inspection for effects and conditions,candidate-scan
Skyrim.esm,Skyrim.esm:051B17,MatchingSet,perk progression reference,scan-only; use detailed candidate table or local xEdit/CK inspection for effects and conditions,candidate-scan
Skyrim.esm,Skyrim.esm:107832,MatchingSetHeavy,perk progression reference,scan-only; use detailed candidate table or local xEdit/CK inspection for effects and conditions,candidate-scan
Skyrim.esm,Skyrim.esm:058F7A,Merchant,social/economy progression reference,scan-only; use detailed candidate table or local xEdit/CK inspection for effects and conditions,candidate-scan
Skyrim.esm,Skyrim.esm:10F9DB,MGArchMageVendorPerk,perk progression reference,scan-only; use detailed candidate table or local xEdit/CK inspection for effects and conditions,candidate-scan
Skyrim.esm,Skyrim.esm:06BC37,MGEnthirVendorPerk,perk progression reference,scan-only; use detailed candidate table or local xEdit/CK inspection for effects and conditions,candidate-scan
Skyrim.esm,Skyrim.esm:1076F7,MGR21AlterationCost,perk progression reference,scan-only; use detailed candidate table or local xEdit/CK inspection for effects and conditions,candidate-scan
Skyrim.esm,Skyrim.esm:1076F8,MGR21AlterationDur,perk progression reference,scan-only; use detailed candidate table or local xEdit/CK inspection for effects and conditions,candidate-scan
Skyrim.esm,Skyrim.esm:1076F9,MGR21ConjurationCost,perk progression reference,scan-only; use detailed candidate table or local xEdit/CK inspection for effects and conditions,candidate-scan
Skyrim.esm,Skyrim.esm:1076FA,MGR21ConjurationDur,perk progression reference,scan-only; use detailed candidate table or local xEdit/CK inspection for effects and conditions,candidate-scan
Skyrim.esm,Skyrim.esm:106AD2,MGR21DestructionCost,perk progression reference,scan-only; use detailed candidate table or local xEdit/CK inspection for effects and conditions,candidate-scan
Skyrim.esm,Skyrim.esm:1076F5,MGR21DestructionMag,perk progression reference,scan-only; use detailed candidate table or local xEdit/CK inspection for effects and conditions,candidate-scan
Skyrim.esm,Skyrim.esm:1076FB,MGR21IllusionCost,perk progression reference,scan-only; use detailed candidate table or local xEdit/CK inspection for effects and conditions,candidate-scan
Skyrim.esm,Skyrim.esm:1076FC,MGR21IllusionDur,perk progression reference,scan-only; use detailed candidate table or local xEdit/CK inspection for effects and conditions,candidate-scan
Skyrim.esm,Skyrim.esm:1076FD,MGR21RestorationCost,perk progression reference,scan-only; use detailed candidate table or local xEdit/CK inspection for effects and conditions,candidate-scan
Skyrim.esm,Skyrim.esm:1076FE,MGR21RestorationMag,perk progression reference,scan-only; use detailed candidate table or local xEdit/CK inspection for effects and conditions,candidate-scan
Skyrim.esm,Skyrim.esm:058201,Misdirection,perk progression reference,scan-only; use detailed candidate table or local xEdit/CK inspection for effects and conditions,candidate-scan
Skyrim.esm,Skyrim.esm:109C1B,MQ101BearReduceDamage,perk progression reference,scan-only; use detailed candidate table or local xEdit/CK inspection for effects and conditions,candidate-scan
Skyrim.esm,Skyrim.esm:1041A9,MQ101IncreaseDetection,perk progression reference,scan-only; use detailed candidate table or local xEdit/CK inspection for effects and conditions,candidate-scan
Skyrim.esm,Skyrim.esm:05CEC0,MQ101ReduceAttackDamage,perk progression reference,scan-only; use detailed candidate table or local xEdit/CK inspection for effects and conditions,candidate-scan
Skyrim.esm,Skyrim.esm:05CEBE,MQ101ReduceDamage,perk progression reference,scan-only; use detailed candidate table or local xEdit/CK inspection for effects and conditions,candidate-scan
Skyrim.esm,Skyrim.esm:10E001,MQ101SpiderReduceDamage,perk progression reference,scan-only; use detailed candidate table or local xEdit/CK inspection for effects and conditions,candidate-scan
Skyrim.esm,Skyrim.esm:0E863F,MQ105PhantomFormPerk,perk progression reference,scan-only; use detailed candidate table or local xEdit/CK inspection for effects and conditions,candidate-scan
Skyrim.esm,Skyrim.esm:0E997B,MQ304IncreaseAlduinDamage,perk progression reference,scan-only; use detailed candidate table or local xEdit/CK inspection for effects and conditions,candidate-scan
Skyrim.esm,Skyrim.esm:0E6805,MQBladesBlessing,perk progression reference,scan-only; use detailed candidate table or local xEdit/CK inspection for effects and conditions,candidate-scan
Skyrim.esm,Skyrim.esm:0F5FF9,MQBladesDragonInfusion,perk progression reference,scan-only; use detailed candidate table or local xEdit/CK inspection for effects and conditions,candidate-scan
Skyrim.esm,Skyrim.esm:0E6DF0,MQBladesDragonResearch,perk progression reference,scan-only; use detailed candidate table or local xEdit/CK inspection for effects and conditions,candidate-scan
Skyrim.esm,Skyrim.esm:0E827A,MQGreybeardsFeim,perk progression reference,scan-only; use detailed candidate table or local xEdit/CK inspection for effects and conditions,candidate-scan
Skyrim.esm,Skyrim.esm:0E8279,MQGreybeardsFus,perk progression reference,scan-only; use detailed candidate table or local xEdit/CK inspection for effects and conditions,candidate-scan
Skyrim.esm,Skyrim.esm:0E827B,MQGreybeardsYol,perk progression reference,scan-only; use detailed candidate table or local xEdit/CK inspection for effects and conditions,candidate-scan
Skyrim.esm,Skyrim.esm:10C708,MS02IncreaseDamage,perk progression reference,scan-only; use detailed candidate table or local xEdit/CK inspection for effects and conditions,candidate-scan
Skyrim.esm,Skyrim.esm:1069BB,MS02ReduceDamage,perk progression reference,scan-only; use detailed candidate table or local xEdit/CK inspection for effects and conditions,candidate-scan
Skyrim.esm,Skyrim.esm:0D55F7,MS11InvestigationBlockActivationPerk,perk progression reference,scan-only; use detailed candidate table or local xEdit/CK inspection for effects and conditions,candidate-scan
Skyrim.esm,Skyrim.esm:058213,MuffledMovement,perk progression reference,scan-only; use detailed candidate table or local xEdit/CK inspection for effects and conditions,candidate-scan
Skyrim.esm,Skyrim.esm:0640B3,MysticBinding,perk progression reference,scan-only; use detailed candidate table or local xEdit/CK inspection for effects and conditions,candidate-scan
Skyrim.esm,Skyrim.esm:0581E4,Necromage,perk progression reference,scan-only; use detailed candidate table or local xEdit/CK inspection for effects and conditions,candidate-scan
Skyrim.esm,Skyrim.esm:0581DD,Necromancy,perk progression reference,scan-only; use detailed candidate table or local xEdit/CK inspection for effects and conditions,candidate-scan
Skyrim.esm,Skyrim.esm:058202,NightThief,perk progression reference,scan-only; use detailed candidate table or local xEdit/CK inspection for effects and conditions,candidate-scan
Skyrim.esm,Skyrim.esm:10BF0A,NN01Perk,perk progression reference,scan-only; use detailed candidate table or local xEdit/CK inspection for effects and conditions,candidate-scan
Skyrim.esm,Skyrim.esm:0F392A,NoviceLocks00,perk progression reference,scan-only; use detailed candidate table or local xEdit/CK inspection for effects and conditions,candidate-scan
Skyrim.esm,Skyrim.esm:0D799C,OblivionBinding,perk progression reference,scan-only; use detailed candidate table or local xEdit/CK inspection for effects and conditions,candidate-scan
Skyrim.esm,Skyrim.esm:0CB410,OrcishSmithing,craft progression reference,scan-only; use detailed candidate table or local xEdit/CK inspection for effects and conditions,candidate-scan
Skyrim.esm,Skyrim.esm:0BABED,Overdraw00,perk progression reference,scan-only; use detailed candidate table or local xEdit/CK inspection for effects and conditions,candidate-scan
Skyrim.esm,Skyrim.esm:07934A,Overdraw20,perk progression reference,scan-only; use detailed candidate table or local xEdit/CK inspection for effects and conditions,candidate-scan
Skyrim.esm,Skyrim.esm:07934B,Overdraw40,perk progression reference,scan-only; use detailed candidate table or local xEdit/CK inspection for effects and conditions,candidate-scan
Skyrim.esm,Skyrim.esm:07934D,Overdraw60,perk progression reference,scan-only; use detailed candidate table or local xEdit/CK inspection for effects and conditions,candidate-scan
Skyrim.esm,Skyrim.esm:079354,Overdraw80,perk progression reference,scan-only; use detailed candidate table or local xEdit/CK inspection for effects and conditions,candidate-scan
Skyrim.esm,Skyrim.esm:03AFA6,ParalyzingStrike,perk progression reference,scan-only; use detailed candidate table or local xEdit/CK inspection for effects and conditions,candidate-scan
Skyrim.esm,Skyrim.esm:058205,PerfectTouch,perk progression reference,scan-only; use detailed candidate table or local xEdit/CK inspection for effects and conditions,candidate-scan
Skyrim.esm,Skyrim.esm:0CF788,PerkSkillBoosts,perk progression reference,scan-only; use detailed candidate table or local xEdit/CK inspection for effects and conditions,candidate-scan
Skyrim.esm,Skyrim.esm:1090A2,Persuasion,perk progression reference,scan-only; use detailed candidate table or local xEdit/CK inspection for effects and conditions,candidate-scan
Skyrim.esm,Skyrim.esm:058215,Physician,perk progression reference,scan-only; use detailed candidate table or local xEdit/CK inspection for effects and conditions,candidate-scan
Skyrim.esm,Skyrim.esm:0AEC05,PlayerUnderforgeAccessPerk,craft progression reference,scan-only; use detailed candidate table or local xEdit/CK inspection for effects and conditions,candidate-scan
Skyrim.esm,Skyrim.esm:02BA1D,PlayerWerewolfFeed,curse/transformation progression reference,scan-only; use detailed candidate table or local xEdit/CK inspection for effects and conditions,candidate-scan
Skyrim.esm,Skyrim.esm:105F28,Poisoned,perk progression reference,scan-only; use detailed candidate table or local xEdit/CK inspection for effects and conditions,candidate-scan
Skyrim.esm,Skyrim.esm:058217,Poisoner,perk progression reference,scan-only; use detailed candidate table or local xEdit/CK inspection for effects and conditions,candidate-scan
Skyrim.esm,Skyrim.esm:058F67,PowerBashPerk,perk progression reference,scan-only; use detailed candidate table or local xEdit/CK inspection for effects and conditions,candidate-scan
Skyrim.esm,Skyrim.esm:0F0833,PowerNordBattleCryPerk,perk progression reference,scan-only; use detailed candidate table or local xEdit/CK inspection for effects and conditions,candidate-scan
Skyrim.esm,Skyrim.esm:0E40C0,PowerOrcBerserk,perk progression reference,scan-only; use detailed candidate table or local xEdit/CK inspection for effects and conditions,candidate-scan
Skyrim.esm,Skyrim.esm:058F62,PowerShot,perk progression reference,scan-only; use detailed candidate table or local xEdit/CK inspection for effects and conditions,candidate-scan
Skyrim.esm,Skyrim.esm:05821D,Purity,perk progression reference,scan-only; use detailed candidate table or local xEdit/CK inspection for effects and conditions,candidate-scan
Skyrim.esm,Skyrim.esm:106259,QuickHands,perk progression reference,scan-only; use detailed candidate table or local xEdit/CK inspection for effects and conditions,candidate-scan
Skyrim.esm,Skyrim.esm:0D8C33,QuickReflexes,perk progression reference,scan-only; use detailed candidate table or local xEdit/CK inspection for effects and conditions,candidate-scan
Skyrim.esm,Skyrim.esm:105F19,QuickShot,perk progression reference,scan-only; use detailed candidate table or local xEdit/CK inspection for effects and conditions,candidate-scan
Skyrim.esm,Skyrim.esm:0581FD,QuietCasting,perk progression reference,scan-only; use detailed candidate table or local xEdit/CK inspection for effects and conditions,candidate-scan
Skyrim.esm,Skyrim.esm:0C44B5,Rage,perk progression reference,scan-only; use detailed candidate table or local xEdit/CK inspection for effects and conditions,candidate-scan
Skyrim.esm,Skyrim.esm:051B1A,RangeOfMovement,perk progression reference,scan-only; use detailed candidate table or local xEdit/CK inspection for effects and conditions,candidate-scan
Skyrim.esm,Skyrim.esm:058F63,Ranger,perk progression reference,scan-only; use detailed candidate table or local xEdit/CK inspection for effects and conditions,candidate-scan
Skyrim.esm,Skyrim.esm:0581F4,Recovery30,perk progression reference,scan-only; use detailed candidate table or local xEdit/CK inspection for effects and conditions,candidate-scan
Skyrim.esm,Skyrim.esm:0581F5,Recovery50,perk progression reference,scan-only; use detailed candidate table or local xEdit/CK inspection for effects and conditions,candidate-scan
Skyrim.esm,Skyrim.esm:105F33,ReflectBlows,perk progression reference,scan-only; use detailed candidate table or local xEdit/CK inspection for effects and conditions,candidate-scan
Skyrim.esm,Skyrim.esm:0581F8,Regeneration,perk progression reference,scan-only; use detailed candidate table or local xEdit/CK inspection for effects and conditions,candidate-scan
Skyrim.esm,Skyrim.esm:0581F9,Respite,perk progression reference,scan-only; use detailed candidate table or local xEdit/CK inspection for effects and conditions,candidate-scan
Skyrim.esm,Skyrim.esm:10D96A,RestedMarriagePerk,perk progression reference,scan-only; use detailed candidate table or local xEdit/CK inspection for effects and conditions,candidate-scan
Skyrim.esm,Skyrim.esm:0FB980,RestedPerk,perk progression reference,scan-only; use detailed candidate table or local xEdit/CK inspection for effects and conditions,candidate-scan
Skyrim.esm,Skyrim.esm:10D969,RestedWellPerk,perk progression reference,scan-only; use detailed candidate table or local xEdit/CK inspection for effects and conditions,candidate-scan
Skyrim.esm,Skyrim.esm:0C44C8,RestorationAdept50,perk progression reference,scan-only; use detailed candidate table or local xEdit/CK inspection for effects and conditions,candidate-scan
Skyrim.esm,Skyrim.esm:0C44C7,RestorationApprentice25,perk progression reference,scan-only; use detailed candidate table or local xEdit/CK inspection for effects and conditions,candidate-scan
Skyrim.esm,Skyrim.esm:0153D1,RestorationDualCasting,perk progression reference,scan-only; use detailed candidate table or local xEdit/CK inspection for effects and conditions,candidate-scan
Skyrim.esm,Skyrim.esm:0C44C9,RestorationExpert75,perk progression reference,scan-only; use detailed candidate table or local xEdit/CK inspection for effects and conditions,candidate-scan
Skyrim.esm,Skyrim.esm:0C44CA,RestorationMaster100,perk progression reference,scan-only; use detailed candidate table or local xEdit/CK inspection for effects and conditions,candidate-scan
Skyrim.esm,Skyrim.esm:0F2CAA,RestorationNovice00,perk progression reference,scan-only; use detailed candidate table or local xEdit/CK inspection for effects and conditions,candidate-scan
Skyrim.esm,Skyrim.esm:105F32,RuneMaster,perk progression reference,scan-only; use detailed candidate table or local xEdit/CK inspection for effects and conditions,candidate-scan
Skyrim.esm,Skyrim.esm:0CB405,SavageBlows,perk progression reference,scan-only; use detailed candidate table or local xEdit/CK inspection for effects and conditions,candidate-scan
Skyrim.esm,Skyrim.esm:03AF81,SavageStrike,perk progression reference,scan-only; use detailed candidate table or local xEdit/CK inspection for effects and conditions,candidate-scan
Skyrim.esm,Skyrim.esm:058214,ShadowWarrior,perk progression reference,scan-only; use detailed candidate table or local xEdit/CK inspection for effects and conditions,candidate-scan
Skyrim.esm,Skyrim.esm:058F6A,ShieldCharge,perk progression reference,scan-only; use detailed candidate table or local xEdit/CK inspection for effects and conditions,candidate-scan
Skyrim.esm,Skyrim.esm:0BCCAE,ShieldWall00,perk progression reference,scan-only; use detailed candidate table or local xEdit/CK inspection for effects and conditions,candidate-scan
Skyrim.esm,Skyrim.esm:079355,ShieldWall20,perk progression reference,scan-only; use detailed candidate table or local xEdit/CK inspection for effects and conditions,candidate-scan
Skyrim.esm,Skyrim.esm:079356,ShieldWall40,perk progression reference,scan-only; use detailed candidate table or local xEdit/CK inspection for effects and conditions,candidate-scan
Skyrim.esm,Skyrim.esm:079357,ShieldWall60,perk progression reference,scan-only; use detailed candidate table or local xEdit/CK inspection for effects and conditions,candidate-scan
Skyrim.esm,Skyrim.esm:079358,ShieldWall80,perk progression reference,scan-only; use detailed candidate table or local xEdit/CK inspection for effects and conditions,candidate-scan
Skyrim.esm,Skyrim.esm:105F24,Silence,perk progression reference,scan-only; use detailed candidate table or local xEdit/CK inspection for effects and conditions,candidate-scan
Skyrim.esm,Skyrim.esm:105F23,SilentRoll,perk progression reference,scan-only; use detailed candidate table or local xEdit/CK inspection for effects and conditions,candidate-scan
Skyrim.esm,Skyrim.esm:10D685,SilverPerk,perk progression reference,scan-only; use detailed candidate table or local xEdit/CK inspection for effects and conditions,candidate-scan
Skyrim.esm,Skyrim.esm:058F78,SilverTongue,perk progression reference,scan-only; use detailed candidate table or local xEdit/CK inspection for effects and conditions,candidate-scan
Skyrim.esm,Skyrim.esm:03AF84,Skullcrusher30,perk progression reference,scan-only; use detailed candidate table or local xEdit/CK inspection for effects and conditions,candidate-scan
Skyrim.esm,Skyrim.esm:0C1E96,Skullcrusher60,perk progression reference,scan-only; use detailed candidate table or local xEdit/CK inspection for effects and conditions,candidate-scan
Skyrim.esm,Skyrim.esm:0C1E97,Skullcrusher90,perk progression reference,scan-only; use detailed candidate table or local xEdit/CK inspection for effects and conditions,candidate-scan
Skyrim.esm,Skyrim.esm:105F2C,Snakeblood,perk progression reference,scan-only; use detailed candidate table or local xEdit/CK inspection for effects and conditions,candidate-scan
Skyrim.esm,Skyrim.esm:108A44,SoulSiphon,perk progression reference,scan-only; use detailed candidate table or local xEdit/CK inspection for effects and conditions,candidate-scan
Skyrim.esm,Skyrim.esm:058F7C,SoulSqueezer,perk progression reference,scan-only; use detailed candidate table or local xEdit/CK inspection for effects and conditions,candidate-scan
Skyrim.esm,Skyrim.esm:0D799E,SoulStealer,perk progression reference,scan-only; use detailed candidate table or local xEdit/CK inspection for effects and conditions,candidate-scan
Skyrim.esm,Skyrim.esm:0581FC,Stability,perk progression reference,scan-only; use detailed candidate table or local xEdit/CK inspection for effects and conditions,candidate-scan
Skyrim.esm,Skyrim.esm:103ADA,SteadyHand40,perk progression reference,scan-only; use detailed candidate table or local xEdit/CK inspection for effects and conditions,candidate-scan
Skyrim.esm,Skyrim.esm:103ADB,SteadyHand60,perk progression reference,scan-only; use detailed candidate table or local xEdit/CK inspection for effects and conditions,candidate-scan
Skyrim.esm,Skyrim.esm:0BE126,Stealth00,perk progression reference,scan-only; use detailed candidate table or local xEdit/CK inspection for effects and conditions,candidate-scan
Skyrim.esm,Skyrim.esm:0C07C6,Stealth20,perk progression reference,scan-only; use detailed candidate table or local xEdit/CK inspection for effects and conditions,candidate-scan
Skyrim.esm,Skyrim.esm:0C07C7,Stealth40,perk progression reference,scan-only; use detailed candidate table or local xEdit/CK inspection for effects and conditions,candidate-scan
Skyrim.esm,Skyrim.esm:0C07C8,Stealth60,perk progression reference,scan-only; use detailed candidate table or local xEdit/CK inspection for effects and conditions,candidate-scan
Skyrim.esm,Skyrim.esm:0C07C9,Stealth80,perk progression reference,scan-only; use detailed candidate table or local xEdit/CK inspection for effects and conditions,candidate-scan
Skyrim.esm,Skyrim.esm:0CB40D,SteelSmithing,craft progression reference,scan-only; use detailed candidate table or local xEdit/CK inspection for effects and conditions,candidate-scan
Skyrim.esm,Skyrim.esm:058F82,StormEnchanter,magic progression reference,scan-only; use detailed candidate table or local xEdit/CK inspection for effects and conditions,candidate-scan
Skyrim.esm,Skyrim.esm:0581EE,StormMastery,perk progression reference,scan-only; use detailed candidate table or local xEdit/CK inspection for effects and conditions,candidate-scan
Skyrim.esm,Skyrim.esm:105F30,Summoner30,perk progression reference,scan-only; use detailed candidate table or local xEdit/CK inspection for effects and conditions,candidate-scan
Skyrim.esm,Skyrim.esm:105F31,Summoner70,perk progression reference,scan-only; use detailed candidate table or local xEdit/CK inspection for effects and conditions,candidate-scan
Skyrim.esm,Skyrim.esm:03AF9E,Sweep,perk progression reference,scan-only; use detailed candidate table or local xEdit/CK inspection for effects and conditions,candidate-scan
Skyrim.esm,Skyrim.esm:0727FB,T01DibellaReward,perk progression reference,scan-only; use detailed candidate table or local xEdit/CK inspection for effects and conditions,candidate-scan
Skyrim.esm,Skyrim.esm:0CC799,T02MaraReward,perk progression reference,scan-only; use detailed candidate table or local xEdit/CK inspection for effects and conditions,candidate-scan
Skyrim.esm,Skyrim.esm:0F8307,T03KynarethReward,perk progression reference,scan-only; use detailed candidate table or local xEdit/CK inspection for effects and conditions,candidate-scan
Skyrim.esm,Skyrim.esm:1090A3,TempPers1,perk progression reference,scan-only; use detailed candidate table or local xEdit/CK inspection for effects and conditions,candidate-scan
Skyrim.esm,Skyrim.esm:1090A4,TempPers2,perk progression reference,scan-only; use detailed candidate table or local xEdit/CK inspection for effects and conditions,candidate-scan
Skyrim.esm,Skyrim.esm:0581E8,TestFireMage,perk progression reference,scan-only; use detailed candidate table or local xEdit/CK inspection for effects and conditions,candidate-scan
Skyrim.esm,Skyrim.esm:0581EB,TestFrostMage,perk progression reference,scan-only; use detailed candidate table or local xEdit/CK inspection for effects and conditions,candidate-scan
Skyrim.esm,Skyrim.esm:0581ED,TestLightningMage,perk progression reference,scan-only; use detailed candidate table or local xEdit/CK inspection for effects and conditions,candidate-scan
Skyrim.esm,Skyrim.esm:10F21E,TG00Pickpockethelper,perk progression reference,scan-only; use detailed candidate table or local xEdit/CK inspection for effects and conditions,candidate-scan
Skyrim.esm,Skyrim.esm:105874,TGNightingaleShadowPerk,perk progression reference,scan-only; use detailed candidate table or local xEdit/CK inspection for effects and conditions,candidate-scan
Skyrim.esm,Skyrim.esm:10F13F,TGSkeletonKeyPerk,perk progression reference,scan-only; use detailed candidate table or local xEdit/CK inspection for effects and conditions,candidate-scan
Skyrim.esm,Skyrim.esm:01711E,TGWellFitted,perk progression reference,scan-only; use detailed candidate table or local xEdit/CK inspection for effects and conditions,candidate-scan
Skyrim.esm,Skyrim.esm:0FE304,TorchBashPerk,perk progression reference,scan-only; use detailed candidate table or local xEdit/CK inspection for effects and conditions,candidate-scan
Skyrim.esm,Skyrim.esm:058F6C,TowerOfStrength,perk progression reference,scan-only; use detailed candidate table or local xEdit/CK inspection for effects and conditions,candidate-scan
Skyrim.esm,Skyrim.esm:105F26,TreasureHunter,perk progression reference,scan-only; use detailed candidate table or local xEdit/CK inspection for effects and conditions,candidate-scan
Skyrim.esm,Skyrim.esm:105F1A,TrickShot,perk progression reference,scan-only; use detailed candidate table or local xEdit/CK inspection for effects and conditions,candidate-scan
Skyrim.esm,Skyrim.esm:0D5F1C,TwinSouls,perk progression reference,scan-only; use detailed candidate table or local xEdit/CK inspection for effects and conditions,candidate-scan
Skyrim.esm,Skyrim.esm:058209,Unbreakable,perk progression reference,scan-only; use detailed candidate table or local xEdit/CK inspection for effects and conditions,candidate-scan
Skyrim.esm,Skyrim.esm:051B1C,Unhindered,perk progression reference,scan-only; use detailed candidate table or local xEdit/CK inspection for effects and conditions,candidate-scan
Skyrim.esm,Skyrim.esm:0CF02C,VampireFeed,curse/transformation progression reference,scan-only; use detailed candidate table or local xEdit/CK inspection for effects and conditions,candidate-scan
Skyrim.esm,Skyrim.esm:0F5B56,VampireSkillsPerk,curse/transformation progression reference,scan-only; use detailed candidate table or local xEdit/CK inspection for effects and conditions,candidate-scan
Skyrim.esm,Skyrim.esm:10F1EC,VampireSkillsPerk02,curse/transformation progression reference,scan-only; use detailed candidate table or local xEdit/CK inspection for effects and conditions,candidate-scan
Skyrim.esm,Skyrim.esm:068BCC,wardAbsorb,perk progression reference,scan-only; use detailed candidate table or local xEdit/CK inspection for effects and conditions,candidate-scan
Skyrim.esm,Skyrim.esm:03AFA7,Warmaster,perk progression reference,scan-only; use detailed candidate table or local xEdit/CK inspection for effects and conditions,candidate-scan
Skyrim.esm,Skyrim.esm:107830,WaxKey,perk progression reference,scan-only; use detailed candidate table or local xEdit/CK inspection for effects and conditions,candidate-scan
Skyrim.esm,Skyrim.esm:058F6F,WellFitted,perk progression reference,scan-only; use detailed candidate table or local xEdit/CK inspection for effects and conditions,candidate-scan
Skyrim.esm,Skyrim.esm:105F22,WindWalker,perk progression reference,scan-only; use detailed candidate table or local xEdit/CK inspection for effects and conditions,candidate-scan
Update.esm,Skyrim.esm:0EE5C3,DA11Cannibalism,perk progression reference,scan-only; use detailed candidate table or local xEdit/CK inspection for effects and conditions,candidate-scan
Update.esm,Skyrim.esm:058F68,DeflectArrows,perk progression reference,scan-only; use detailed candidate table or local xEdit/CK inspection for effects and conditions,candidate-scan
Update.esm,Skyrim.esm:018E6D,LightFingers80,perk progression reference,scan-only; use detailed candidate table or local xEdit/CK inspection for effects and conditions,candidate-scan
Update.esm,Skyrim.esm:0C5C05,Limbsplitter30,perk progression reference,scan-only; use detailed candidate table or local xEdit/CK inspection for effects and conditions,candidate-scan
Update.esm,Skyrim.esm:0C5C06,Limbsplitter60,perk progression reference,scan-only; use detailed candidate table or local xEdit/CK inspection for effects and conditions,candidate-scan
Update.esm,Skyrim.esm:0C5C07,Limbsplitter90,perk progression reference,scan-only; use detailed candidate table or local xEdit/CK inspection for effects and conditions,candidate-scan
Update.esm,Skyrim.esm:051B17,MatchingSet,perk progression reference,scan-only; use detailed candidate table or local xEdit/CK inspection for effects and conditions,candidate-scan
Update.esm,Skyrim.esm:107832,MatchingSetHeavy,perk progression reference,scan-only; use detailed candidate table or local xEdit/CK inspection for effects and conditions,candidate-scan
Update.esm,Skyrim.esm:0E6DF0,MQBladesDragonResearch,perk progression reference,scan-only; use detailed candidate table or local xEdit/CK inspection for effects and conditions,candidate-scan
Update.esm,Update.esm:0009D4,MS04AncientKnowledge,perk progression reference,scan-only; use detailed candidate table or local xEdit/CK inspection for effects and conditions,candidate-scan
Update.esm,Skyrim.esm:0CF788,PerkSkillBoosts,perk progression reference,scan-only; use detailed candidate table or local xEdit/CK inspection for effects and conditions,candidate-scan
Update.esm,Update.esm:002F1E,PetFramework_PetStealth,perk progression reference,scan-only; use detailed candidate table or local xEdit/CK inspection for effects and conditions,candidate-scan
Update.esm,Skyrim.esm:0AEC05,PlayerUnderforgeAccessPerk,craft progression reference,scan-only; use detailed candidate table or local xEdit/CK inspection for effects and conditions,candidate-scan
Update.esm,Skyrim.esm:05821D,Purity,perk progression reference,scan-only; use detailed candidate table or local xEdit/CK inspection for effects and conditions,candidate-scan
Update.esm,Skyrim.esm:105F2C,Snakeblood,perk progression reference,scan-only; use detailed candidate table or local xEdit/CK inspection for effects and conditions,candidate-scan
Update.esm,Skyrim.esm:0D5F1C,TwinSouls,perk progression reference,scan-only; use detailed candidate table or local xEdit/CK inspection for effects and conditions,candidate-scan
