plugin,formid,editor_id,location,min_level,max_level,rank,flags,modding_use,validation
Dawnguard.esm,Skyrim.esm:0D5670,BthalftZone,BthalftLocation (Skyrim.esm:0D566F),6,0,0,NeverResets,persistent dungeon/difficulty context,extracted
Dawnguard.esm,Dawnguard.esm:003582,DLC1_AncestorsGladeZone,,0,0,0,0,encounter-zone difficulty context,extracted
Dawnguard.esm,Dawnguard.esm:00643C,DLC1_SoulCairnZone,,13,0,0,0,encounter-zone difficulty context,extracted
Dawnguard.esm,Dawnguard.esm:003580,DLC1_VCDungeonZone,,10,0,0,0,encounter-zone difficulty context,extracted
Dawnguard.esm,Dawnguard.esm:005824,DLC1ArkngthamzZone,DLC1ArkngthamzLocation (Dawnguard.esm:004D6D),16,0,0,NeverResets,persistent dungeon/difficulty context,extracted
Dawnguard.esm,Dawnguard.esm:00A879,DLC1DarkfallCaveZone,,10,0,0,0,encounter-zone difficulty context,extracted
Dawnguard.esm,Dawnguard.esm:0162AD,DLC1DarkfallPassageZone,,18,0,0,0,encounter-zone difficulty context,extracted
Dawnguard.esm,Dawnguard.esm:004EE7,DLC1DimhollowCryptZone,DLC1DimhollowCryptLocation (Dawnguard.esm:004EE8),6,0,0,NeverResets,persistent dungeon/difficulty context,extracted
Dawnguard.esm,Dawnguard.esm:01379D,DLC1FalmerValleyTempleZone,DLC1FalmerValleyTempleLocation (Dawnguard.esm:01379F),13,0,0,NeverResets,persistent dungeon/difficulty context,extracted
Dawnguard.esm,Dawnguard.esm:012F42,DLC1FalmerValleyZone,DLC1FalmerValleyLocation (Dawnguard.esm:00A87C),13,0,0,0,encounter-zone difficulty context,extracted
Dawnguard.esm,Dawnguard.esm:003581,DLC1ForebearsHoldoutZone,DLC1ForebearsHoldhoutLocation (Dawnguard.esm:00357F),0,0,0,NeverResets,persistent dungeon/difficulty context,extracted
Dawnguard.esm,Dawnguard.esm:0162AE,DLC1GlacialCreviceZone,,18,0,0,0,encounter-zone difficulty context,extracted
Dawnguard.esm,Dawnguard.esm:005825,DLC1LDBthalftAetheriumForgeZone,DLC1BthalftAetheriumForgeLocation (Dawnguard.esm:005826),15,0,0,NeverResets,persistent dungeon/difficulty context,extracted
Dawnguard.esm,Dawnguard.esm:003CFC,DLC1MolderingRuinsZone,DLC1MolderingRuinsLocation (Dawnguard.esm:003CFD),0,0,0,0,encounter-zone difficulty context,extracted
Dawnguard.esm,Dawnguard.esm:007779,DLC1RedwaterDenZone,DLC1RedwaterDenLocation (Dawnguard.esm:004D6F),0,0,0,0,encounter-zone difficulty context,extracted
Dawnguard.esm,Dawnguard.esm:007B22,DLC1RuunvaldZone,DLC1RuunvaldLocation (Dawnguard.esm:007B21),10,0,0,NeverResets,persistent dungeon/difficulty context,extracted
Dawnguard.esm,Dawnguard.esm:0162B1,DLC1zFalmerValley01Zone,,18,0,0,0,encounter-zone difficulty context,extracted
Dawnguard.esm,Dawnguard.esm:0162B3,DLC1zFalmerValley02Zone,,18,0,0,0,encounter-zone difficulty context,extracted
Dawnguard.esm,Dawnguard.esm:0162B5,DLC1zFalmerValley03Zone,,18,0,0,0,encounter-zone difficulty context,extracted
Dragonborn.esm,Dragonborn.esm:0142CD,DLC2AbandonedLodgeZone,DLC2AbandonedLodgeLocation (Dragonborn.esm:0142C0),10,0,0,NeverResets,persistent dungeon/difficulty context,extracted
Dragonborn.esm,Dragonborn.esm:014295,DLC2AltarofThrondZone,DLC2AltarofThrondLocation (Dragonborn.esm:014294),10,0,0,NeverResets,persistent dungeon/difficulty context,extracted
Dragonborn.esm,Dragonborn.esm:0142D2,DLC2AshfallowZone,DLC2AshfallowLocation (Dragonborn.esm:0142C5),25,0,0,NeverResets,persistent dungeon/difficulty context,extracted
Dragonborn.esm,Dragonborn.esm:014299,DLC2BenkongerikeZone,DLC2BenkongerikeLocation (Dragonborn.esm:014298),6,0,0,0,encounter-zone difficulty context,extracted
Dragonborn.esm,Dragonborn.esm:03A080,DLC2BloodskalBarrowBanditZone,DLC2BloodskalBarrowBanditLocation (Dragonborn.esm:03A07F),10,0,0,0,encounter-zone difficulty context,extracted
Dragonborn.esm,Dragonborn.esm:0142B3,DLC2Book01DungeonZone,DLC2Book01DungeonLocation (Dragonborn.esm:0142B0),25,0,0,NeverResets,persistent dungeon/difficulty context,extracted
Dragonborn.esm,Dragonborn.esm:0142B1,DLC2Book02DungeonZone,DLC2Book02DungeonLocationNEW (Dragonborn.esm:01EE08),25,0,0,0,encounter-zone difficulty context,extracted
Dragonborn.esm,Dragonborn.esm:0142B2,DLC2Book03DungeonZone,DLC2Book03DungeonLocation (Dragonborn.esm:0142AF),25,0,0,0,encounter-zone difficulty context,extracted
Dragonborn.esm,Dragonborn.esm:01EE16,DLC2Book04DungeonZone,DLC2Book04DungeonLocation (Dragonborn.esm:01EE06),25,0,0,NeverResets,persistent dungeon/difficulty context,extracted
Dragonborn.esm,Dragonborn.esm:01EE17,DLC2Book05DungeonZone,DLC2Book05DungeonLocation (Dragonborn.esm:0142AC),25,0,0,0,encounter-zone difficulty context,extracted
Dragonborn.esm,Dragonborn.esm:01EE18,DLC2Book06DungeonZone,DLC2Book06DungeonLocation (Dragonborn.esm:01EE07),25,0,0,0,encounter-zone difficulty context,extracted
Dragonborn.esm,Dragonborn.esm:01EE19,DLC2Book07DungeonZone,DLC2Book07DungeonLocationNEW (Dragonborn.esm:0142AE),25,0,0,NeverResets,persistent dungeon/difficulty context,extracted
Dragonborn.esm,Dragonborn.esm:032893,DLC2BristlebackCaveZone,DLC2BristlebackCaveLocation (Dragonborn.esm:032892),6,0,0,0,encounter-zone difficulty context,extracted
Dragonborn.esm,Dragonborn.esm:01429D,DLC2BrodirGroveZone,DLC2BrodirGroveLocation (Dragonborn.esm:01429C),10,0,0,0,encounter-zone difficulty context,extracted
Dragonborn.esm,Dragonborn.esm:033953,DLC2BrokenTuskMineZone,DLC2BrokenTuskMineLocation (Dragonborn.esm:0142C1),6,0,0,0,encounter-zone difficulty context,extracted
Dragonborn.esm,Dragonborn.esm:0142D7,DLC2BujoldsRetreatZone,DLC2BujoldsRetreatLocation (Dragonborn.esm:0142CA),10,0,0,NeverResets,persistent dungeon/difficulty context,extracted
Dragonborn.esm,Dragonborn.esm:01429F,DLC2CastleKarstaagRuinsZone,DLC2CastleKarstaagRuinsLocation (Dragonborn.esm:01429E),6,0,0,0,encounter-zone difficulty context,extracted
Dragonborn.esm,Dragonborn.esm:03A42E,DLC2ColdcinderCaveZone,DLC2ColdcinderCaveLocation (Dragonborn.esm:03A42F),20,0,0,0,encounter-zone difficulty context,extracted
Dragonborn.esm,Dragonborn.esm:0296DB,DLC2DamphallMineZone,DLC2DamphallMineLocation (Dragonborn.esm:0296DA),10,0,0,0,encounter-zone difficulty context,extracted
Dragonborn.esm,Dragonborn.esm:01FF29,DLC2DremoraShopZone,DLC2DremoraShopLocation (Dragonborn.esm:01FF28),0,99,0,0,encounter-zone difficulty context,extracted
Dragonborn.esm,Dragonborn.esm:0142A1,DLC2FahlbtharzZone,DLC2FahlbtharzLocation (Dragonborn.esm:0142A0),25,0,0,0,encounter-zone difficulty context,extracted
Dragonborn.esm,Dragonborn.esm:014292,DLC2FortFrostmothZone,DLC2FortFrostmothLocation (Dragonborn.esm:014293),20,0,0,0,encounter-zone difficulty context,extracted
Dragonborn.esm,Dragonborn.esm:0142A7,DLC2FrosselZone,DLC2FrosselLocation (Dragonborn.esm:0142A6),6,0,0,NeverResets,persistent dungeon/difficulty context,extracted
Dragonborn.esm,Dragonborn.esm:0142D8,DLC2FrostmoonCragZone,DLC2FrostmoonCragLocation (Dragonborn.esm:0142CB),10,0,0,0,encounter-zone difficulty context,extracted
Dragonborn.esm,Dragonborn.esm:0142D1,DLC2GlacialCaveZone,DLC2GlacialCaveLocation (Dragonborn.esm:0142C4),6,0,0,0,encounter-zone difficulty context,extracted
Dragonborn.esm,Dragonborn.esm:0142A9,DLC2GyldenhulBarrowZone,DLC2GyldenhulBarrowLocation (Dragonborn.esm:0142A8),40,0,0,NeverResets,persistent dungeon/difficulty context,extracted
Dragonborn.esm,Dragonborn.esm:0142CF,DLC2HaknirsShoalZone,DLC2HaknirsShoalLocation (Dragonborn.esm:0142C2),10,0,0,0,encounter-zone difficulty context,extracted
Dragonborn.esm,Dragonborn.esm:039F99,DLC2HeadwatersOfHarstradZone,DLC2HeadwatersOfHarstradLocation (Dragonborn.esm:039F98),25,0,0,0,encounter-zone difficulty context,extracted
Dragonborn.esm,Dragonborn.esm:0184FD,DLC2HighpointTowerZone,DLC2HighpointTowerLocation (Dragonborn.esm:0184FC),20,0,0,NeverResets,persistent dungeon/difficulty context,extracted
Dragonborn.esm,Dragonborn.esm:03A4A2,DLC2HoldingCellBardZone,DLC2HoldingCellBardLocation (Dragonborn.esm:03A4A1),10,0,0,NeverResets,persistent dungeon/difficulty context,extracted
Dragonborn.esm,Dragonborn.esm:0142AB,DLC2HorkerIslandZone,DLC2HorkerIslandLocation (Dragonborn.esm:0142AA),10,0,0,0,encounter-zone difficulty context,extracted
Dragonborn.esm,Dragonborn.esm:0142D0,DLC2HrodulfsHouseZone,DLC2HrodulfsHouseLocation (Dragonborn.esm:0142C3),10,0,0,0,encounter-zone difficulty context,extracted
Dragonborn.esm,Dragonborn.esm:017BAE,DLC2HrothmundsBarrowZone,DLC2HrothmundsBarrowLocation (Dragonborn.esm:017BAD),10,0,0,0,encounter-zone difficulty context,extracted
Dragonborn.esm,Dragonborn.esm:0142A3,DLC2KagrumezZone,DLC2KagrumezLocation (Dragonborn.esm:0142A2),25,0,0,NeverResets,persistent dungeon/difficulty context,extracted
Dragonborn.esm,Dragonborn.esm:0142BE,DLC2KolbjornBarrowZone,DLC2KolbjornBarrowLocation (Dragonborn.esm:0142BB),30,0,0,NeverResets,persistent dungeon/difficulty context,extracted
Dragonborn.esm,Dragonborn.esm:0142AD,DLC2MiscBookLevel1Zone,DLC2Book05DungeonLocation (Dragonborn.esm:0142AC),25,0,0,0,encounter-zone difficulty context,extracted
Dragonborn.esm,Dragonborn.esm:0142DB,DLC2MoesringPassZone,DLC2MoesringPassLocation (Dragonborn.esm:0142DA),10,0,0,0,encounter-zone difficulty context,extracted
Dragonborn.esm,Dragonborn.esm:0142B5,DLC2NchardakZone,DLC2NchardakLocation (Dragonborn.esm:0142B4),25,0,0,NeverResets,persistent dungeon/difficulty context,extracted
Dragonborn.esm,Dragonborn.esm:0142D4,DLC2NorthshoreLandingZone,DLC2NorthshoreLandingLocation (Dragonborn.esm:0142C7),10,0,0,0,encounter-zone difficulty context,extracted
Dragonborn.esm,Dragonborn.esm:0142D6,DLC2POI10Zone,DLC2StridentSquallLocation (Dragonborn.esm:0142C9),10,0,0,0,encounter-zone difficulty context,extracted
Dragonborn.esm,Dragonborn.esm:0142D9,DLC2POI13Zone,DLC2POI13Location (Dragonborn.esm:0142CC),10,0,0,0,encounter-zone difficulty context,extracted
Dragonborn.esm,Dragonborn.esm:034EE7,DLC2RamshackleTradingPostZone,DLC2RamshackleTradingPostLocation (Dragonborn.esm:034EE6),10,0,0,0,encounter-zone difficulty context,extracted
Dragonborn.esm,Dragonborn.esm:01429B,DLC2RavenRockMineZone,DLC2RavenRockMineLocation (Dragonborn.esm:01429A),30,0,0,0,encounter-zone difficulty context,extracted
Dragonborn.esm,Dragonborn.esm:03CFCB,DLC2RRTempleTombZone,DLC2RRTempleTombLocation (Dragonborn.esm:024DFD),20,0,0,NeverResets,persistent dungeon/difficulty context,extracted
Dragonborn.esm,Dragonborn.esm:019D2A,DLC2SaeringsWatchZone,DLC2SaeringsWatchLocation (Dragonborn.esm:019D2B),25,0,0,0,encounter-zone difficulty context,extracted
Dragonborn.esm,Dragonborn.esm:0247C7,DLC2SnowcladRuinsZone,DLC2SnowcladRuinsLocation (Dragonborn.esm:0247C6),10,0,0,NeverResets,persistent dungeon/difficulty context,extracted
Dragonborn.esm,Dragonborn.esm:014297,DLC2StoneBeastZone,DLC2StoneBeastLocation (Dragonborn.esm:014296),10,0,0,0,encounter-zone difficulty context,extracted
Dragonborn.esm,Dragonborn.esm:0142A5,DLC2StoneEarthZone,DLC2StoneEarthLocation (Dragonborn.esm:0142A4),10,0,0,0,encounter-zone difficulty context,extracted
Dragonborn.esm,Dragonborn.esm:0142DD,DLC2StoneSunZone,DLC2StoneSunLocation (Dragonborn.esm:0142DC),10,0,0,0,encounter-zone difficulty context,extracted
Dragonborn.esm,Dragonborn.esm:0142E0,DLC2StoneWaterZone,DLC2StoneWaterLocation (Dragonborn.esm:0142DE),10,0,0,0,encounter-zone difficulty context,extracted
Dragonborn.esm,Dragonborn.esm:0142E1,DLC2StoneWindZone,DLC2StoneWindLocation (Dragonborn.esm:0142DF),10,0,0,0,encounter-zone difficulty context,extracted
Dragonborn.esm,Dragonborn.esm:01D751,DLC2TelMithrynZone,,0,0,0,0,encounter-zone difficulty context,extracted
Dragonborn.esm,Dragonborn.esm:0142B7,DLC2TempleOfMiraakZone,DLC2TempleOfMiraakLocation (Dragonborn.esm:0142B6),30,0,0,NeverResets,persistent dungeon/difficulty context,extracted
Dragonborn.esm,Dragonborn.esm:01E284,DLC2ThirskExteriorZone,DLC2ThirskMeadHallLocation (Dragonborn.esm:0143BA),6,0,0,NeverResets,persistent dungeon/difficulty context,extracted
Dragonborn.esm,Dragonborn.esm:01E11D,DLC2ThirskInteriorZone,DLC2ThirskMeadHallInteriorLocation (Dragonborn.esm:016FFE),6,0,0,NeverResets,persistent dungeon/difficulty context,extracted
Dragonborn.esm,Dragonborn.esm:0142BD,DLC2VahloksTombZone,DLC2VahloksTombLocation (Dragonborn.esm:0142BA),30,0,0,NeverResets,persistent dungeon/difficulty context,extracted
Dragonborn.esm,Dragonborn.esm:0142BF,DLC2WhiteRidgeBarrowZone,DLC2WhiteRidgeBarrowLocation (Dragonborn.esm:0142BC),30,0,0,NeverResets,persistent dungeon/difficulty context,extracted
Skyrim.esm,Skyrim.esm:0ECF4B,AbandonedPrisonZone,AbandonedPrisonLocation (Skyrim.esm:0ECF4C),6,0,0,0,encounter-zone difficulty context,extracted
Skyrim.esm,Skyrim.esm:0D566E,AlchemistsShackZone,AlchemistsShackLocation (Skyrim.esm:0D566D),8,0,0,0,encounter-zone difficulty context,extracted
Skyrim.esm,Skyrim.esm:03EBE6,AlftandZone,AlftandLocation (Skyrim.esm:018EE1),16,0,0,0,encounter-zone difficulty context,extracted
Skyrim.esm,Skyrim.esm:03EBE8,AngarvundeZone,AngarvundeLocation (Skyrim.esm:018EE3),6,0,0,NeverResets,persistent dungeon/difficulty context,extracted
Skyrim.esm,Skyrim.esm:0F5BA3,AngisCampZone,AngisCampLocation (Skyrim.esm:0F5BA2),12,0,0,NeverResets,persistent dungeon/difficulty context,extracted
Skyrim.esm,Skyrim.esm:0D9546,AnisesCabinZone,AnisesCabinLocation (Skyrim.esm:0D9537),6,0,0,NeverResets,persistent dungeon/difficulty context,extracted
Skyrim.esm,Skyrim.esm:03EBE9,AnsilvundZone,AnsilvundLocation (Skyrim.esm:01BDFD),8,0,0,0,encounter-zone difficulty context,extracted
Skyrim.esm,Skyrim.esm:0FD686,ArcwindPointZone,ArcwindPointLocation (Skyrim.esm:0FD685),6,0,0,0,encounter-zone difficulty context,extracted
Skyrim.esm,Skyrim.esm:03EBEA,AutumnshadeClearingZone,AutumnshadeClearingLocation (Skyrim.esm:018EE4),14,0,0,0,encounter-zone difficulty context,extracted
Skyrim.esm,Skyrim.esm:03EBEB,AvanchnzelZone,AvanchnzelLocation (Skyrim.esm:018EE5),16,0,0,NeverResets,persistent dungeon/difficulty context,extracted
Skyrim.esm,Skyrim.esm:03EBEC,AzurasStarZone,AzurasStarInteriorLocation (Skyrim.esm:018EE6),6,0,0,0,encounter-zone difficulty context,extracted
Skyrim.esm,Skyrim.esm:04786A,BannermistZone,BannermistTowerLocation (Skyrim.esm:047825),6,0,0,0,encounter-zone difficulty context,extracted
Skyrim.esm,Skyrim.esm:0A3859,BilegulchMineZone,BilegulchMineLocation (Skyrim.esm:019269),6,0,0,0,encounter-zone difficulty context,extracted
Skyrim.esm,Skyrim.esm:03EBED,BlackreachZone,BlackreachLocation (Skyrim.esm:018EE8),18,0,0,0,encounter-zone difficulty context,extracted
Skyrim.esm,Skyrim.esm:03EBEE,BleakcoastCaveZone,BleakcoastCaveLocation (Skyrim.esm:018EEA),2,0,0,0,encounter-zone difficulty context,extracted
Skyrim.esm,Skyrim.esm:038AB1,BleakFallsBarrowZone,BleakFallsBarrowLocation (Skyrim.esm:018EE9),6,20,0,0,encounter-zone difficulty context,extracted
Skyrim.esm,Skyrim.esm:03EBEF,BleakwindBasinZone,BleakwindBasinLocation (Skyrim.esm:018EEB),2,0,0,0,encounter-zone difficulty context,extracted
Skyrim.esm,Skyrim.esm:03EBF0,BleakwindBluffZone,BleakwindBluffLocation (Skyrim.esm:018EEC),2,0,0,0,encounter-zone difficulty context,extracted
Skyrim.esm,Skyrim.esm:03EBF1,BlindCliffCaveZone,BlindCliffCaveLocation (Skyrim.esm:018EED),14,0,0,NeverResets,persistent dungeon/difficulty context,extracted
Skyrim.esm,Skyrim.esm:0A3855,BlizzardRestZone,BlizzardRestLocation (Skyrim.esm:018EEE),2,0,0,0,encounter-zone difficulty context,extracted
Skyrim.esm,Skyrim.esm:03EBF2,BloatedMansGrottoZone,BloatedMansGrottoLocation (Skyrim.esm:018EEF),6,0,0,0,encounter-zone difficulty context,extracted
Skyrim.esm,Skyrim.esm:016F87,BloodletThroneZone,BloodletThroneLocation (Skyrim.esm:016F85),6,0,0,0,encounter-zone difficulty context,extracted
Skyrim.esm,Skyrim.esm:03EBF4,BluePalaceWingZone,BluePalaceWingLocation (Skyrim.esm:01914A),8,0,0,0,encounter-zone difficulty context,extracted
Skyrim.esm,Skyrim.esm:0FDA47,BonechillPassageZone,BonechillPassageLocation (Skyrim.esm:0FDA46),2,0,0,0,encounter-zone difficulty context,extracted
Skyrim.esm,Skyrim.esm:0F52DB,BoulderfallCaveZone,BoulderfallCaveLocation (Skyrim.esm:0F52DA),6,0,0,0,encounter-zone difficulty context,extracted
Skyrim.esm,Skyrim.esm:03EC67,BrinehammerZone,BrinehammerLocation (Skyrim.esm:0192A0),6,0,0,0,encounter-zone difficulty context,extracted
Skyrim.esm,Skyrim.esm:05F429,BrinewaterGrottoZone,BrinewaterGrottoLocation (Skyrim.esm:05F428),6,0,255,0,encounter-zone difficulty context,extracted
Skyrim.esm,Skyrim.esm:03EC37,BrittleshinPassZone,BrittleshinPassLocation (Skyrim.esm:019197),2,0,0,0,encounter-zone difficulty context,extracted
Skyrim.esm,Skyrim.esm:03EBF5,BrokenFangCaveZone,BrokenFangCaveLocation (Skyrim.esm:01914D),6,0,0,0,encounter-zone difficulty context,extracted
Skyrim.esm,Skyrim.esm:03EBF6,BrokenHelmHollowZone,BrokenHelmHollowLocation (Skyrim.esm:01914E),6,0,0,0,encounter-zone difficulty context,extracted
Skyrim.esm,Skyrim.esm:0ECF89,BrokenLimbCampZone,BrokenLimbCampLocation (Skyrim.esm:0ECF88),2,0,0,0,encounter-zone difficulty context,extracted
Skyrim.esm,Skyrim.esm:03EBFC,BrokenOarGrottoZone,BrokenOarGrottoLocation (Skyrim.esm:019153),6,0,0,NeverResets,persistent dungeon/difficulty context,extracted
Skyrim.esm,Skyrim.esm:03EBF7,BrokenTowerRedoubtZone,BrokenTowerRedoubtLocation (Skyrim.esm:01914F),14,0,0,0,encounter-zone difficulty context,extracted
Skyrim.esm,Skyrim.esm:046BBC,BronzeWaterCaveZone,BronzeWaterCaveLocation (Skyrim.esm:046BAC),2,0,0,0,encounter-zone difficulty context,extracted
Skyrim.esm,Skyrim.esm:03EBF8,BroodCavernZone,BroodCavernLocation (Skyrim.esm:019150),2,0,0,0,encounter-zone difficulty context,extracted
Skyrim.esm,Skyrim.esm:03EBF9,BrucasLeapRedoubtZone,BrucasLeapRedoubtLocation (Skyrim.esm:019151),14,0,0,0,encounter-zone difficulty context,extracted
Skyrim.esm,Skyrim.esm:0D5670,BthalftZone,BthalftLocation (Skyrim.esm:0D566F),6,0,0,0,encounter-zone difficulty context,extracted
Skyrim.esm,Skyrim.esm:03EBFA,BthardamzZone,BthardamzLocation (Skyrim.esm:019152),16,0,0,NeverResets,persistent dungeon/difficulty context,extracted
Skyrim.esm,Skyrim.esm:03EBFB,ChillwindDepthsZone,ChillwindDepthsLocation (Skyrim.esm:019154),18,0,0,0,encounter-zone difficulty context,extracted
Skyrim.esm,Skyrim.esm:03EBFD,CidhnaMineZone,CidhnaMineLocation (Skyrim.esm:018C91),6,0,0,0,encounter-zone difficulty context,extracted
Skyrim.esm,Skyrim.esm:03EBFF,ClearpinePondZone,ClearpinePondLocation (Skyrim.esm:019156),8,0,0,0,encounter-zone difficulty context,extracted
Skyrim.esm,Skyrim.esm:03EC00,ClearspringTarnZone,ClearspringTarnLocation (Skyrim.esm:019157),2,0,0,0,encounter-zone difficulty context,extracted
Skyrim.esm,Skyrim.esm:0B238E,CliffsideRetreatZone,CliffsideRetreatLocation (Skyrim.esm:0B238D),8,0,0,0,encounter-zone difficulty context,extracted
Skyrim.esm,Skyrim.esm:0BC0A4,ColdRockPassZone,ColdRockPassLocation (Skyrim.esm:0BC0A3),8,0,0,0,encounter-zone difficulty context,extracted
Skyrim.esm,Skyrim.esm:0E66AA,CrabbersShantyZone,CrabbersShantyLocation (Skyrim.esm:0E66A9),2,0,0,0,encounter-zone difficulty context,extracted
Skyrim.esm,Skyrim.esm:0A3857,CrackedTuskKeepZone,CrackedTuskKeepLocation (Skyrim.esm:01918D),6,0,0,NeverResets,persistent dungeon/difficulty context,extracted
Skyrim.esm,Skyrim.esm:03EC01,CradlecrushRockZone,CradlecrushRockLocation (Skyrim.esm:019158),2,0,0,0,encounter-zone difficulty context,extracted
Skyrim.esm,Skyrim.esm:0B23A0,CradleStoneTowerZone,CradleStoneTowerLocation (Skyrim.esm:0B239F),8,0,0,0,encounter-zone difficulty context,extracted
Skyrim.esm,Skyrim.esm:03EC02,CragslaneCavernZone,CragslaneCavernLocation (Skyrim.esm:019159),6,0,0,0,encounter-zone difficulty context,extracted
Skyrim.esm,Skyrim.esm:03EC03,CragwallowSlopeZone,CragwallowSlopeLocation (Skyrim.esm:01915A),6,0,255,0,encounter-zone difficulty context,extracted
Skyrim.esm,Skyrim.esm:03EC04,CronvangrHallZone,CronvangrHallLocation (Skyrim.esm:01915B),6,0,0,0,encounter-zone difficulty context,extracted
Skyrim.esm,Skyrim.esm:03EC05,CrystaldriftCaveZone,CrystaldriftCaveLocation (Skyrim.esm:01915C),2,0,0,0,encounter-zone difficulty context,extracted
Skyrim.esm,Skyrim.esm:07B919,DaintySloadZone,DaintySloadLocation (Skyrim.esm:07B91A),8,0,0,0,encounter-zone difficulty context,extracted
Skyrim.esm,Skyrim.esm:03EC06,DarkBrotherhoodSancZone,DarkBrotherhoodSanctuaryLocation (Skyrim.esm:03444E),8,0,0,NeverResets,persistent dungeon/difficulty context,extracted
Skyrim.esm,Skyrim.esm:03EC07,DarklightTowerZone,DarklightTowerLocation (Skyrim.esm:01915D),8,0,0,NeverResets,persistent dungeon/difficulty context,extracted
Skyrim.esm,Skyrim.esm:03EC08,DarkshadeCopseZone,DarkshadeCopseLocation (Skyrim.esm:01915E),6,0,0,0,encounter-zone difficulty context,extracted
Skyrim.esm,Skyrim.esm:03EC09,DarkwaterCavernZone,DarkwaterCavernLocation (Skyrim.esm:01915F),18,0,0,0,encounter-zone difficulty context,extracted
Skyrim.esm,Skyrim.esm:0919A0,DawnstarSanctuaryZone,DawnstarSanctuaryLocation (Skyrim.esm:019429),8,0,0,NeverResets,persistent dungeon/difficulty context,extracted
Skyrim.esm,Skyrim.esm:03EC0A,DeadCroneRockZone,DeadCroneRockLocation (Skyrim.esm:019160),14,0,0,0,encounter-zone difficulty context,extracted
Skyrim.esm,Skyrim.esm:03EC0B,DeadMensRespiteZone,DeadMensRespiteLocation (Skyrim.esm:019161),6,0,0,0,encounter-zone difficulty context,extracted
Skyrim.esm,Skyrim.esm:0B2392,DeepFolkCrossingZone,DeepFolkCrossingLocation (Skyrim.esm:0B2391),8,0,0,0,encounter-zone difficulty context,extracted
Skyrim.esm,Skyrim.esm:03EC0C,DeepwoodRedoubtZone,DeepwoodRedoubtLocation (Skyrim.esm:019162),14,0,0,0,encounter-zone difficulty context,extracted
Skyrim.esm,Skyrim.esm:0D5674,DoomstoneApprenticeZone,DoomstoneApprenticeLocation (Skyrim.esm:0D5673),6,0,0,0,encounter-zone difficulty context,extracted
Skyrim.esm,Skyrim.esm:0D568A,DoomstoneAtronachZone,DoomstoneAtronachLocation (Skyrim.esm:0D5675),6,0,0,0,encounter-zone difficulty context,extracted
Skyrim.esm,Skyrim.esm:0D5689,DoomstoneLadyZone,DoomstoneLadyLocation (Skyrim.esm:0D5676),6,0,0,0,encounter-zone difficulty context,extracted
Skyrim.esm,Skyrim.esm:0D5688,DoomstoneLordZone,DoomstoneLordLocation (Skyrim.esm:0D5677),6,0,0,0,encounter-zone difficulty context,extracted
Skyrim.esm,Skyrim.esm:0D5687,DoomstoneLoverZone,DoomstoneLoverLocation (Skyrim.esm:0D5678),6,0,0,0,encounter-zone difficulty context,extracted
Skyrim.esm,Skyrim.esm:0D5686,DoomstoneMageZone,DoomstoneMageLocation (Skyrim.esm:0D5679),6,0,0,0,encounter-zone difficulty context,extracted
Skyrim.esm,Skyrim.esm:0D5685,DoomstoneRitualZone,DoomstoneRitualLocation (Skyrim.esm:0D567A),6,0,0,0,encounter-zone difficulty context,extracted
Skyrim.esm,Skyrim.esm:0D5684,DoomstoneSerpentZone,DoomstoneSerpentLocation (Skyrim.esm:0D567B),6,0,0,0,encounter-zone difficulty context,extracted
Skyrim.esm,Skyrim.esm:0D5683,DoomstoneShadowZone,DoomstoneShadowLocation (Skyrim.esm:0D567C),6,0,0,0,encounter-zone difficulty context,extracted
Skyrim.esm,Skyrim.esm:0D5682,DoomstoneSteedZone,DoomstoneSteedLocation (Skyrim.esm:0D567D),6,0,0,0,encounter-zone difficulty context,extracted
Skyrim.esm,Skyrim.esm:0D5672,DoomstoneThiefZone,DoomstoneThiefLocation (Skyrim.esm:0D5671),6,0,0,0,encounter-zone difficulty context,extracted
Skyrim.esm,Skyrim.esm:0D5681,DoomstoneTowerZone,DoomstoneTowerLocation (Skyrim.esm:0D567E),6,0,0,0,encounter-zone difficulty context,extracted
Skyrim.esm,Skyrim.esm:0D5680,DoomstoneWarriorZone,DoomstoneWarriorLocation (Skyrim.esm:0D567F),6,0,0,0,encounter-zone difficulty context,extracted
Skyrim.esm,Skyrim.esm:0B2396,DragonBridgeOverlookZone,DragonBridgeOverlookLocation (Skyrim.esm:0B2395),8,0,0,0,encounter-zone difficulty context,extracted
Skyrim.esm,Skyrim.esm:0E66AC,DrelasCottageZone,DrelasCottageLocation (Skyrim.esm:0E66AB),12,0,0,DisableCombatBoundary,encounter-zone difficulty context,extracted
Skyrim.esm,Skyrim.esm:03EC0D,DriftshadeSanctuaryZone,DriftshadeSanctuaryLocation (Skyrim.esm:01916E),6,0,0,0,encounter-zone difficulty context,extracted
Skyrim.esm,Skyrim.esm:03EC0F,DruadachRedoubtZone,DruadachRedoubtLocation (Skyrim.esm:01916F),14,0,0,0,encounter-zone difficulty context,extracted
Skyrim.esm,Skyrim.esm:0A3856,DushnikhYalZone,,6,0,0,NeverResets,persistent dungeon/difficulty context,extracted
Skyrim.esm,Skyrim.esm:03EC10,DuskglowCreviceZone,DuskglowCreviceLocation (Skyrim.esm:019172),18,0,0,0,encounter-zone difficulty context,extracted
Skyrim.esm,Skyrim.esm:03EC11,DustmansCairnZone,DustmansCairnLocation (Skyrim.esm:019173),6,0,0,NeverResets,persistent dungeon/difficulty context,extracted
Skyrim.esm,Skyrim.esm:0998BF,E3DemoBleakFallsBarrowZone,E3DemoBleakFallsBarrowLocation (Skyrim.esm:0998BE),6,0,0,0,encounter-zone difficulty context,extracted
Skyrim.esm,Skyrim.esm:05FBA6,EastEmpireWarehouseZone,EastEmpireWarehouseLocation (Skyrim.esm:02008E),8,0,255,0,encounter-zone difficulty context,extracted
Skyrim.esm,Skyrim.esm:03EC12,EldergleamSanctuaryZone,EldergleamSanctuaryLocation (Skyrim.esm:0192AC),8,0,0,NeverResets,persistent dungeon/difficulty context,extracted
Skyrim.esm,Skyrim.esm:0D9545,EmbershardMineZone,EmbershardLocation (Skyrim.esm:0B712C),6,10,0,0,encounter-zone difficulty context,extracted
Skyrim.esm,Skyrim.esm:03EC13,EvergreenGroveZone,EvergreenGroveLocation (Skyrim.esm:019174),8,0,0,0,encounter-zone difficulty context,extracted
Skyrim.esm,Skyrim.esm:03EC14,FaldarsToothZone,FaldarsToothLocation (Skyrim.esm:019175),6,0,0,0,encounter-zone difficulty context,extracted
Skyrim.esm,Skyrim.esm:0478DD,FalkreathWatchtowerZone,FalkreathWatchtowerLocation (Skyrim.esm:0479B3),6,0,0,0,encounter-zone difficulty context,extracted
Skyrim.esm,Skyrim.esm:03EC93,FallowstoneCaveZone,FallowstoneCaveLocation (Skyrim.esm:019176),2,0,0,0,encounter-zone difficulty context,extracted
Skyrim.esm,Skyrim.esm:03EC15,FellglowKeepZone,FellglowKeepLocation (Skyrim.esm:019177),8,0,0,0,encounter-zone difficulty context,extracted
Skyrim.esm,Skyrim.esm:03EC17,FolgunthurZone,FolgunthurLocation (Skyrim.esm:019179),6,0,0,0,encounter-zone difficulty context,extracted
Skyrim.esm,Skyrim.esm:03EC18,ForelhostZone,ForelhostLocation (Skyrim.esm:01917A),24,0,0,0,encounter-zone difficulty context,extracted
Skyrim.esm,Skyrim.esm:03EC19,ForsakenCaveZone,ForsakenCaveLocation (Skyrim.esm:01917B),6,0,0,0,encounter-zone difficulty context,extracted
Skyrim.esm,Skyrim.esm:03EC1A,FortAmolZone,FortAmolLocation (Skyrim.esm:01917C),6,0,0,0,encounter-zone difficulty context,extracted
Skyrim.esm,Skyrim.esm:03EC1C,FortDunstadZone,,6,0,0,0,encounter-zone difficulty context,extracted
Skyrim.esm,Skyrim.esm:03EC1D,FortFellhammerZone,FortFellhammerLocation (Skyrim.esm:01917F),6,0,0,0,encounter-zone difficulty context,extracted
Skyrim.esm,Skyrim.esm:03EC1E,FortGreenwallZone,FortGreenwallLocation (Skyrim.esm:019180),6,0,0,0,encounter-zone difficulty context,extracted
Skyrim.esm,Skyrim.esm:03EC1B,FortGreymoorZone,,6,0,0,0,encounter-zone difficulty context,extracted
Skyrim.esm,Skyrim.esm:03EC1F,FortHraggstadZone,FortHraggstadLocation (Skyrim.esm:019181),6,0,0,0,encounter-zone difficulty context,extracted
Skyrim.esm,Skyrim.esm:03EC20,FortKastavZone,FortKastavLocation (Skyrim.esm:019182),6,0,0,0,encounter-zone difficulty context,extracted
Skyrim.esm,Skyrim.esm:03EC21,FortNeugradZone,,6,0,0,0,encounter-zone difficulty context,extracted
Skyrim.esm,Skyrim.esm:03EC22,FortSnowhawkZone,FortSnowhawkLocation (Skyrim.esm:019184),6,0,0,0,encounter-zone difficulty context,extracted
Skyrim.esm,Skyrim.esm:03EC23,FortSungardZone,FortSungardLocation (Skyrim.esm:019185),6,0,0,0,encounter-zone difficulty context,extracted
Skyrim.esm,Skyrim.esm:0B23AD,FourSkullLookoutZone,FourSkullLookoutLocation (Skyrim.esm:0B23AC),8,0,0,0,encounter-zone difficulty context,extracted
Skyrim.esm,Skyrim.esm:0D5664,FrokisShackZone,FrokisShackLocation (Skyrim.esm:0D5663),6,0,0,NeverResets,persistent dungeon/difficulty context,extracted
Skyrim.esm,Skyrim.esm:03EC24,FrostflowLighthouseZone,FrostflowLighthouseLocation (Skyrim.esm:019186),18,0,0,0,encounter-zone difficulty context,extracted
Skyrim.esm,Skyrim.esm:03EC7C,FrostmereCryptZone,FrostmereCryptLocation (Skyrim.esm:0192B8),6,0,0,NeverResets,persistent dungeon/difficulty context,extracted
Skyrim.esm,Skyrim.esm:03EC25,GallowsRockZone,GallowsRockLocation (Skyrim.esm:019187),6,0,0,0,encounter-zone difficulty context,extracted
Skyrim.esm,Skyrim.esm:03EC26,GeirmundsHallZone,GeirmundsHallLocation (Skyrim.esm:019188),6,0,0,0,encounter-zone difficulty context,extracted
Skyrim.esm,Skyrim.esm:0C33AE,GiantsGroveZone,FallowstoneCaveLocation (Skyrim.esm:019176),2,0,0,0,encounter-zone difficulty context,extracted
Skyrim.esm,Skyrim.esm:0E66A2,GjukarsMonumentZone,GjukarsMonumentLocation (Skyrim.esm:0A3F49),12,0,0,0,encounter-zone difficulty context,extracted
Skyrim.esm,Skyrim.esm:03EC28,GlenmorilCovenZone,GlenmorilCovenLocation (Skyrim.esm:019189),14,0,0,NeverResets,persistent dungeon/difficulty context,extracted
Skyrim.esm,Skyrim.esm:03EC29,GloomboundMineZone,,8,0,0,0,encounter-zone difficulty context,extracted
Skyrim.esm,Skyrim.esm:03EC2A,GloomreachZone,GloomreachLocation (Skyrim.esm:01918A),18,0,0,0,encounter-zone difficulty context,extracted
Skyrim.esm,Skyrim.esm:03EC2B,GoldenglowFarmZone,GoldenglowEstateLocation (Skyrim.esm:018E32),6,0,0,NeverResets,persistent dungeon/difficulty context,extracted
Skyrim.esm,Skyrim.esm:03EC2E,GoldunRockZone,GuldunRockLocation (Skyrim.esm:01918E),2,0,0,0,encounter-zone difficulty context,extracted
Skyrim.esm,Skyrim.esm:03EC2C,GraywinterWatchZone,GraywinterWatchLocation (Skyrim.esm:01918B),2,0,0,0,encounter-zone difficulty context,extracted
Skyrim.esm,Skyrim.esm:03EC3D,GreenspringHollowZone,GreenspringHollowLocation (Skyrim.esm:01919B),2,0,0,0,encounter-zone difficulty context,extracted
Skyrim.esm,Skyrim.esm:03EC2D,GreywaterGrottoZone,GreywaterGrottoLocation (Skyrim.esm:01918C),2,0,0,0,encounter-zone difficulty context,extracted
Skyrim.esm,Skyrim.esm:0B8AA2,GuldunRockZone,GuldunRockLocation (Skyrim.esm:01918E),24,0,255,0,encounter-zone difficulty context,extracted
Skyrim.esm,Skyrim.esm:052541,HaemarsShameZone,HaemarsShameLocation (Skyrim.esm:01918F),6,0,0,0,encounter-zone difficulty context,extracted
Skyrim.esm,Skyrim.esm:03EC2F,HagRockRedoubtZone,HagRockRedoubtLocation (Skyrim.esm:019190),14,0,0,0,encounter-zone difficulty context,extracted
Skyrim.esm,Skyrim.esm:03EC30,HagsEndZone,HagsEndLocation (Skyrim.esm:019191),14,0,0,0,encounter-zone difficulty context,extracted
Skyrim.esm,Skyrim.esm:03EC31,HalldirsCairnZone,HalldirsCairnLocation (Skyrim.esm:019192),6,0,0,0,encounter-zone difficulty context,extracted
Skyrim.esm,Skyrim.esm:0C3442,HalloftheVigilantZone,HalloftheVigilantLocation (Skyrim.esm:0C342D),5,0,0,0,encounter-zone difficulty context,extracted
Skyrim.esm,Skyrim.esm:03EC32,HaltedStreamCampZone,HaltedStreamCampLocation (Skyrim.esm:019193),6,10,0,0,encounter-zone difficulty context,extracted
Skyrim.esm,Skyrim.esm:0EF0A3,HamvirsRestZone,HamvirsRestLocation (Skyrim.esm:0EF0A2),6,0,0,0,encounter-zone difficulty context,extracted
Skyrim.esm,Skyrim.esm:03EC33,HarmugstahlZone,HarmugstahlLocation (Skyrim.esm:019194),8,0,0,NeverResets,persistent dungeon/difficulty context,extracted
Skyrim.esm,Skyrim.esm:03EC68,HelasFollyZone,HelasFollyLocation (Skyrim.esm:0192A1),6,0,0,0,encounter-zone difficulty context,extracted
Skyrim.esm,Skyrim.esm:0F94A6,HelgenZone,HelgenLocation (Skyrim.esm:018A4A),6,0,0,NeverResets,persistent dungeon/difficulty context,extracted
Skyrim.esm,Skyrim.esm:03EC34,HighGateRuinsZone,HighGateRuinsLocation (Skyrim.esm:019195),24,0,0,0,encounter-zone difficulty context,extracted
Skyrim.esm,Skyrim.esm:03EC35,HighHrothgarZone,HighHrothgarLocation (Skyrim.esm:018E34),8,0,0,0,encounter-zone difficulty context,extracted
Skyrim.esm,Skyrim.esm:03EC36,HillgrundsTombZone,HillgrundsTombLocation (Skyrim.esm:019196),6,0,0,NeverResets,persistent dungeon/difficulty context,extracted
Skyrim.esm,Skyrim.esm:03EC38,HobsFallCaveZone,HobsFallCaveLocation (Skyrim.esm:019198),8,0,0,0,encounter-zone difficulty context,extracted
Skyrim.esm,Skyrim.esm:03EC39,HoneystrandCaveZone,HoneystrandCaveLocation (Skyrim.esm:019199),2,0,0,0,encounter-zone difficulty context,extracted
Skyrim.esm,Skyrim.esm:03EC3B,HonningbrewMeaderyZone,WhiterunHonningbrewMeaderyDungeonLocation (Skyrim.esm:047259),8,0,0,NeverResets,persistent dungeon/difficulty context,extracted
Skyrim.esm,Skyrim.esm:0F52B1,HuntersRestZone,HuntersRestLocation (Skyrim.esm:0F52B0),8,0,0,0,encounter-zone difficulty context,extracted
Skyrim.esm,Skyrim.esm:03EC66,IcerunnerZone,IcerunnerLocation (Skyrim.esm:01929E),6,0,0,NeverResets,persistent dungeon/difficulty context,extracted
Skyrim.esm,Skyrim.esm:03EC3C,IlinaltasDeepZone,IlinaltasDeepLocation (Skyrim.esm:01919C),8,0,0,0,encounter-zone difficulty context,extracted
Skyrim.esm,Skyrim.esm:03EC3E,IrkngthandZone,IrkngthandLocation (Skyrim.esm:01919D),12,0,0,NeverResets,persistent dungeon/difficulty context,extracted
Skyrim.esm,Skyrim.esm:0EF545,IronbackHideoutZone,IronbackHideoutLocation (Skyrim.esm:0EF546),6,0,0,0,encounter-zone difficulty context,extracted
Skyrim.esm,Skyrim.esm:022F07,IronbindBarrowZone,IronbindBarrowLocation (Skyrim.esm:0350BC),6,0,0,NeverResets,persistent dungeon/difficulty context,extracted
Skyrim.esm,Skyrim.esm:0EF54B,JourneymansNookZone,JourneymansNookLocation (Skyrim.esm:0EF54C),6,0,0,0,encounter-zone difficulty context,extracted
Skyrim.esm,Skyrim.esm:0233F2,KagrenzelZone,KagrenzelLocation (Skyrim.esm:0233EE),18,0,0,0,encounter-zone difficulty context,extracted
Skyrim.esm,Skyrim.esm:03EC94,KarthspireRedoubtZone,KilkreathRuinsLocation (Skyrim.esm:019260),14,0,0,NeverResets,persistent dungeon/difficulty context,extracted
Skyrim.esm,Skyrim.esm:0BBB46,KatariahZone,KatariahLocation (Skyrim.esm:0BBB45),6,0,0,NeverResets,persistent dungeon/difficulty context,extracted
Skyrim.esm,Skyrim.esm:03EC3F,KilkreathRuinsZone,KilkreathRuinsLocation (Skyrim.esm:019260),24,0,0,NeverResets,persistent dungeon/difficulty context,extracted
Skyrim.esm,Skyrim.esm:0C2EF2,KjenstagRuinsZone,KjenstagRuinsLocation (Skyrim.esm:0C2EF1),5,0,0,0,encounter-zone difficulty context,extracted
Skyrim.esm,Skyrim.esm:08E1B8,KnifepointRidgeZone,KnifepointRidgeLocation (Skyrim.esm:08E1B7),6,0,0,0,encounter-zone difficulty context,extracted
Skyrim.esm,Skyrim.esm:03EC40,KorvanjundZone,KorvanjundLocation (Skyrim.esm:019261),12,0,0,NeverResets,persistent dungeon/difficulty context,extracted
Skyrim.esm,Skyrim.esm:03EC42,LabyrinthianZone,LabyrinthianLocation (Skyrim.esm:019262),24,0,0,NeverResets,persistent dungeon/difficulty context,extracted
Skyrim.esm,Skyrim.esm:0A3858,LargashburZone,LargashburLocation (Skyrim.esm:019263),6,0,0,0,encounter-zone difficulty context,extracted
Skyrim.esm,Skyrim.esm:03EC41,LiarsRetreatZone,LiarsRetreatLocation (Skyrim.esm:019264),18,0,0,0,encounter-zone difficulty context,extracted
Skyrim.esm,Skyrim.esm:03EC44,LostEchoCaveZone,LostEchoCaveLocation (Skyrim.esm:019266),8,0,0,0,encounter-zone difficulty context,extracted
Skyrim.esm,Skyrim.esm:03EC45,LostKnifeHideoutZone,LostKnifeHideoutLocation (Skyrim.esm:019267),6,0,0,0,encounter-zone difficulty context,extracted
Skyrim.esm,Skyrim.esm:0D566C,LostProspectMineZone,LostProspectMineLocation (Skyrim.esm:0D566B),6,0,0,0,encounter-zone difficulty context,extracted
Skyrim.esm,Skyrim.esm:03EC46,LostValleyRedoubtZone,LostValleyRedoubtLocation (Skyrim.esm:019268),14,0,0,0,encounter-zone difficulty context,extracted
Skyrim.esm,Skyrim.esm:0E66A6,LundsHutZone,LundsHutLocation (Skyrim.esm:0E66A5),12,0,0,0,encounter-zone difficulty context,extracted
Skyrim.esm,Skyrim.esm:0ECF54,MarasEyePondZone,MarasEyePondLocation (Skyrim.esm:0ECF53),6,0,0,0,encounter-zone difficulty context,extracted
Skyrim.esm,Skyrim.esm:10D0C3,MarkarthAbandonedHouseZone,MarkarthAbandonedHouseLocation (Skyrim.esm:01F30B),10,0,0,NeverResets,persistent dungeon/difficulty context,extracted
Skyrim.esm,Skyrim.esm:05CF97,MarkarthWizardsQuarters02Zone,MarkarthWizardsQuarters02Location (Skyrim.esm:05CF3E),6,0,0,NeverResets,persistent dungeon/difficulty context,extracted
Skyrim.esm,Skyrim.esm:05CF96,MarkarthWizardsQuartersZone,MarkarthWizardsQuartersLocation (Skyrim.esm:036BAA),6,0,0,NeverResets,persistent dungeon/difficulty context,extracted
Skyrim.esm,Skyrim.esm:0F6F14,MeekosShackZone,MeekosShackLocation (Skyrim.esm:0F6F13),6,0,0,0,encounter-zone difficulty context,extracted
Skyrim.esm,Skyrim.esm:03EC47,MistwatchZone,MistwatchLocation (Skyrim.esm:01927B),6,0,0,NeverResets,persistent dungeon/difficulty context,extracted
Skyrim.esm,Skyrim.esm:06E2F1,MorKhazgurZone,MorKhazgurLocation (Skyrim.esm:01927C),6,0,0,0,encounter-zone difficulty context,extracted
Skyrim.esm,Skyrim.esm:03EC48,MorvunskarZone,MorvunskarLocation (Skyrim.esm:01927D),8,0,0,0,encounter-zone difficulty context,extracted
Skyrim.esm,Skyrim.esm:03EC4A,MossMotherCavernZone,MossMotherCavernLocation (Skyrim.esm:01927E),8,0,0,0,encounter-zone difficulty context,extracted
Skyrim.esm,Skyrim.esm:03EC4B,MountAnthorZone,MountAnthorLocation (Skyrim.esm:01927F),10,0,0,0,encounter-zone difficulty context,extracted
Skyrim.esm,Skyrim.esm:03EC27,MovarthsLairZone,MovarthsLairLocation (Skyrim.esm:01BDFC),6,0,0,0,encounter-zone difficulty context,extracted
Skyrim.esm,Skyrim.esm:03EC49,MzinchaleftZone,MzinchaleftLocation (Skyrim.esm:019280),16,0,0,0,encounter-zone difficulty context,extracted
Skyrim.esm,Skyrim.esm:03EC4C,MzulftZone,MzulftLocation (Skyrim.esm:019281),16,0,0,NeverResets,persistent dungeon/difficulty context,extracted
Skyrim.esm,Skyrim.esm:0A385A,NarzulburZone,NarzulburLocation (Skyrim.esm:019282),6,0,0,0,encounter-zone difficulty context,extracted
Skyrim.esm,Skyrim.esm:03EC4D,NchuandZelZone,NchuandZelLocation (Skyrim.esm:019283),16,0,0,0,encounter-zone difficulty context,extracted
Skyrim.esm,Skyrim.esm:03EC7D,NightcallerTempleZone,NightcallerTempleLocation (Skyrim.esm:0192B9),18,0,0,NeverResets,persistent dungeon/difficulty context,extracted
Skyrim.esm,Skyrim.esm:047D27,NightingaleHallZone,NightingaleHallLocation (Skyrim.esm:039AA9),8,0,0,NeverResets,persistent dungeon/difficulty context,extracted
Skyrim.esm,Skyrim.esm:03EC4E,NilheimZone,NilheimLocation (Skyrim.esm:019284),6,0,0,NeverResets,persistent dungeon/difficulty context,extracted
Skyrim.esm,Skyrim.esm:0F90B1,NoResetZone,,1,0,0,NeverResets,persistent dungeon/difficulty context,extracted
Skyrim.esm,Skyrim.esm:03EC4F,NorthwatchKeepZone,NorthwatchKeepLocation (Skyrim.esm:019285),12,0,0,NeverResets,persistent dungeon/difficulty context,extracted
Skyrim.esm,Skyrim.esm:0FDBE0,NorthwindMineZone,NorthwindMineLocation (Skyrim.esm:0FDBDF),12,0,0,0,encounter-zone difficulty context,extracted
Skyrim.esm,Skyrim.esm:00001E,NoZoneZone,,0,0,0,0,encounter-zone difficulty context,extracted
Skyrim.esm,Skyrim.esm:0A8286,OrotheimZone,OrotheimLocation (Skyrim.esm:019286),2,0,0,0,encounter-zone difficulty context,extracted
Skyrim.esm,Skyrim.esm:03EC6C,OrphansTearZone,OrphansTearLocation (Skyrim.esm:0192A5),6,0,0,0,encounter-zone difficulty context,extracted
Skyrim.esm,Skyrim.esm:047884,PeaksShadeTowerZone,PeaksShadeTowerLocation (Skyrim.esm:047886),6,0,0,0,encounter-zone difficulty context,extracted
Skyrim.esm,Skyrim.esm:03EC69,PilgrimsTrenchZone,PilgrimsTrenchLocation (Skyrim.esm:0192A2),6,0,0,0,encounter-zone difficulty context,extracted
Skyrim.esm,Skyrim.esm:0EF0BD,PinefrostTowerZone,PinefrostTowerLocation (Skyrim.esm:0EF0BC),6,0,0,0,encounter-zone difficulty context,extracted
Skyrim.esm,Skyrim.esm:03EC50,PinemoonCaveZone,PinemoonCaveLocation (Skyrim.esm:019288),6,0,0,0,encounter-zone difficulty context,extracted
Skyrim.esm,Skyrim.esm:03EC51,PinepeakCavernZone,PinepeakCavernLocation (Skyrim.esm:019289),2,0,0,0,encounter-zone difficulty context,extracted
Skyrim.esm,Skyrim.esm:03EC52,PinewatchZone,PinewatchLocation (Skyrim.esm:01928A),6,0,0,0,encounter-zone difficulty context,extracted
Skyrim.esm,Skyrim.esm:03EC54,PotemasCatacombsZone,PotemasCatacombsLocation (Skyrim.esm:01928C),6,0,0,NeverResets,persistent dungeon/difficulty context,extracted
Skyrim.esm,Skyrim.esm:03EC6A,PrideofTelVosZone,PrideofTelVosLocation (Skyrim.esm:0192A3),12,0,0,0,encounter-zone difficulty context,extracted
Skyrim.esm,Skyrim.esm:03EC55,PurewaterRunZone,PurewaterRunLocation (Skyrim.esm:01928D),2,0,0,0,encounter-zone difficulty context,extracted
Skyrim.esm,Skyrim.esm:03EC57,RagnvaldZone,RagnvaldLocation (Skyrim.esm:01928F),24,0,0,NeverResets,persistent dungeon/difficulty context,extracted
Skyrim.esm,Skyrim.esm:090575,RaldbtharZone,RaldbtharLocation (Skyrim.esm:090576),12,0,0,0,encounter-zone difficulty context,extracted
Skyrim.esm,Skyrim.esm:03EC58,RannveigsFastZone,RannveigsFastLocation (Skyrim.esm:019290),8,0,0,NeverResets,persistent dungeon/difficulty context,extracted
Skyrim.esm,Skyrim.esm:03EC59,RavenscarHollowZone,RavenscarHollowLocation (Skyrim.esm:019291),14,0,0,0,encounter-zone difficulty context,extracted
Skyrim.esm,Skyrim.esm:03EC5A,ReachcliffCaveZone,ReachcliffCaveLocation (Skyrim.esm:019292),6,0,0,NeverResets,persistent dungeon/difficulty context,extracted
Skyrim.esm,Skyrim.esm:03EC5B,ReachwaterRockZone,ReachwaterRockLocation (Skyrim.esm:019293),6,0,0,NeverResets,persistent dungeon/difficulty context,extracted
Skyrim.esm,Skyrim.esm:0B23A6,ReachwindEyrieZone,ReachwindEyrieLocation (Skyrim.esm:0B23A5),8,0,0,0,encounter-zone difficulty context,extracted
Skyrim.esm,Skyrim.esm:0A828A,RebelsCairnZone,RebelsCairnLocation (Skyrim.esm:0A828B),14,0,0,NeverResets,persistent dungeon/difficulty context,extracted
Skyrim.esm,Skyrim.esm:03EC0E,RedEagleRedoubtZone,RedEagleRedoubtLocation (Skyrim.esm:019170),14,0,0,0,encounter-zone difficulty context,extracted
Skyrim.esm,Skyrim.esm:03EC5C,RedoransRetreatZone,RedoransRetreatLocation (Skyrim.esm:019295),6,0,0,0,encounter-zone difficulty context,extracted
Skyrim.esm,Skyrim.esm:03EC5D,RedRoadPassZone,RedRoadPassLocation (Skyrim.esm:019294),2,0,0,0,encounter-zone difficulty context,extracted
Skyrim.esm,Skyrim.esm:0EF573,RefugeesRestZone,RefugeesRestLocation (Skyrim.esm:0EF572),2,0,0,0,encounter-zone difficulty context,extracted
Skyrim.esm,Skyrim.esm:09FBB9,RiftenRatwayZone,,8,0,0,NeverResets,persistent dungeon/difficulty context,extracted
Skyrim.esm,Skyrim.esm:0D5666,RiftWatchtowerZone,RiftWatchtowerLocation (Skyrim.esm:0D5665),6,0,0,0,encounter-zone difficulty context,extracted
Skyrim.esm,Skyrim.esm:03EC5E,RimerockBurrowZone,RimerockBurrowLocation (Skyrim.esm:019296),6,0,0,0,encounter-zone difficulty context,extracted
Skyrim.esm,Skyrim.esm:0ECF4E,RiversideShackZone,RiversideShackLocation (Skyrim.esm:0ECF4D),6,0,0,0,encounter-zone difficulty context,extracted
Skyrim.esm,Skyrim.esm:03EC5F,RiverwatchZone,RiverwatchLocation (Skyrim.esm:019297),2,0,0,0,encounter-zone difficulty context,extracted
Skyrim.esm,Skyrim.esm:018A45,RiverwoodZone,,0,0,0,0,encounter-zone difficulty context,extracted
Skyrim.esm,Skyrim.esm:0D5668,RkundZone,RkundLocation (Skyrim.esm:0D5667),6,0,0,0,encounter-zone difficulty context,extracted
Skyrim.esm,Skyrim.esm:04787F,RoadsideRuinsZone,RoadsideRuinsLocation (Skyrim.esm:04787B),6,0,0,0,encounter-zone difficulty context,extracted
Skyrim.esm,Skyrim.esm:03EC63,RobbersGorgeZone,RobbersGorgeLocation (Skyrim.esm:01929B),6,0,0,0,encounter-zone difficulty context,extracted
Skyrim.esm,Skyrim.esm:03EC16,RockjointIslandZone,JaphetsFollyLocation (Skyrim.esm:019178),6,0,0,NeverResets,persistent dungeon/difficulty context,extracted
Skyrim.esm,Skyrim.esm:03EC61,SaarthalZone,SaarthalLocation (Skyrim.esm:019299),6,0,0,NeverResets,persistent dungeon/difficulty context,extracted
Skyrim.esm,Skyrim.esm:03EC62,SecundasShelfZone,SecundasShelfLocation (Skyrim.esm:01929A),2,0,0,0,encounter-zone difficulty context,extracted
Skyrim.esm,Skyrim.esm:0D440E,SeptimusSignusOutpostZone,SeptimusSignusOutpostLocation (Skyrim.esm:02D51C),2,0,0,0,encounter-zone difficulty context,extracted
Skyrim.esm,Skyrim.esm:03EC89,SerpentsBluffRedoubtZone,SerpentsBluffRedoubtLocation (Skyrim.esm:0192C4),14,0,255,0,encounter-zone difficulty context,extracted
Skyrim.esm,Skyrim.esm:03EC64,ShadowgreenCavernZone,ShadowgreenCavernLocation (Skyrim.esm:01929C),8,0,0,0,encounter-zone difficulty context,extracted
Skyrim.esm,Skyrim.esm:03EC65,ShimmermistCaveZone,ShimmermistCaveLocation (Skyrim.esm:01929D),18,0,0,0,encounter-zone difficulty context,extracted
Skyrim.esm,Skyrim.esm:0D566A,ShorsWatchtowerZone,ShorsWatchtowerLocation (Skyrim.esm:0D5669),6,0,0,0,encounter-zone difficulty context,extracted
Skyrim.esm,Skyrim.esm:0A0E3C,ShriekwindBastionZone,ShriekwindBastionLocation (Skyrim.esm:0A0E30),6,0,0,0,encounter-zone difficulty context,extracted
Skyrim.esm,Skyrim.esm:0F5BA8,ShrineofBoethiahZone,ShrineofBoethiahLocation (Skyrim.esm:0F5BA7),12,0,0,0,encounter-zone difficulty context,extracted
Skyrim.esm,Skyrim.esm:0F5BA6,ShrineofPeryiteZone,ShrineofPeryiteLocation (Skyrim.esm:0F5BA5),12,0,0,0,encounter-zone difficulty context,extracted
Skyrim.esm,Skyrim.esm:03EC6D,ShroudedGroveZone,ShroudedGroveLocation (Skyrim.esm:0192A6),8,0,0,0,encounter-zone difficulty context,extracted
Skyrim.esm,Skyrim.esm:06CCC7,ShroudHearthBarrowZone,ShroudHearthBarrowLocation (Skyrim.esm:06CCC6),6,0,0,0,encounter-zone difficulty context,extracted
Skyrim.esm,Skyrim.esm:03EC6E,SightlessPitZone,SightlessPitLocation (Skyrim.esm:0192A8),18,0,0,0,encounter-zone difficulty context,extracted
Skyrim.esm,Skyrim.esm:03EC6F,SilentMoonsCampZone,SilentMoonsCampLocation (Skyrim.esm:0192A9),6,0,0,0,encounter-zone difficulty context,extracted
Skyrim.esm,Skyrim.esm:03EC70,SilverdriftLairZone,SilverdriftLairLocation (Skyrim.esm:0192AA),6,0,0,0,encounter-zone difficulty context,extracted
Skyrim.esm,Skyrim.esm:03EC71,SkuldafnZone,SkuldafnLocation (Skyrim.esm:0192AB),10,0,0,0,encounter-zone difficulty context,extracted
Skyrim.esm,Skyrim.esm:030AB1,SkybornAltarZone,SkybornAtlarLocation (Skyrim.esm:019165),10,0,0,0,encounter-zone difficulty context,extracted
Skyrim.esm,Skyrim.esm:04B677,SkyboundWatchZone,SkyboundWatchLocation (Skyrim.esm:04B679),6,0,0,0,encounter-zone difficulty context,extracted
Skyrim.esm,Skyrim.esm:0EF0B1,SkytempleRuinsZone,SkytempleRuinsLocation (Skyrim.esm:0EF0B0),6,0,0,0,encounter-zone difficulty context,extracted
Skyrim.esm,Skyrim.esm:03EC72,SleepingTreeCampZone,SleepingTreeCampLocation (Skyrim.esm:0192AD),2,0,0,0,encounter-zone difficulty context,extracted
Skyrim.esm,Skyrim.esm:03EC73,SnaplegCaveZone,SnaplegCaveLocation (Skyrim.esm:0192AE),14,0,0,0,encounter-zone difficulty context,extracted
Skyrim.esm,Skyrim.esm:0C2EF9,SnowpointBeaconZone,SnowpointBeaconLocation (Skyrim.esm:0C2EF8),5,0,0,0,encounter-zone difficulty context,extracted
Skyrim.esm,Skyrim.esm:03EC74,SnowVeilSanctumZone,SnowVeilSanctumLocation (Skyrim.esm:0192AF),6,0,0,NeverResets,persistent dungeon/difficulty context,extracted
Skyrim.esm,Skyrim.esm:03EC75,SoljundsSinkholeZone,SoljundsSinkholeLocation (Skyrim.esm:0192B1),6,0,0,0,encounter-zone difficulty context,extracted
Skyrim.esm,Skyrim.esm:03EC92,SouthfringeSanctumZone,SouthfringeSanctumLocation (Skyrim.esm:01914C),6,0,0,NeverResets,persistent dungeon/difficulty context,extracted
Skyrim.esm,Skyrim.esm:03EC76,SovngardeZone,SovngardeLocation (Skyrim.esm:0192B2),24,0,0,NeverResets,persistent dungeon/difficulty context,extracted
Skyrim.esm,Skyrim.esm:079FA0,SteamcragCampZone,SteamcragCampLocation (Skyrim.esm:01916D),2,0,0,0,encounter-zone difficulty context,extracted
Skyrim.esm,Skyrim.esm:03EC79,SteepfallBurrowZone,SteepfallBurrowLocation (Skyrim.esm:0192B5),2,0,0,0,encounter-zone difficulty context,extracted
Skyrim.esm,Skyrim.esm:108A5B,StendarrsBeaconZone,StendarrsBeaconLocation (Skyrim.esm:108A5A),6,0,0,0,encounter-zone difficulty context,extracted
Skyrim.esm,Skyrim.esm:03EC7A,StillbornCaveZone,StillbornCaveLocation (Skyrim.esm:0192B6),18,0,0,NeverResets,persistent dungeon/difficulty context,extracted
Skyrim.esm,Skyrim.esm:03EC7B,StonehillBluffZone,StonehillBluffLocation (Skyrim.esm:0192B7),2,0,0,0,encounter-zone difficulty context,extracted
Skyrim.esm,Skyrim.esm:080F29,StonyCreekCaveZone,StonyCreekCaveLocation (Skyrim.esm:080F28),6,0,0,0,encounter-zone difficulty context,extracted
Skyrim.esm,Skyrim.esm:061ADA,SunderstoneGorgeZone,SunderstoneGorgeLocation (Skyrim.esm:061AE3),2,0,0,0,encounter-zone difficulty context,extracted
Skyrim.esm,Skyrim.esm:03EBE7,SwindlersDenZone,SwindlersDenLocation (Skyrim.esm:018EE2),6,0,0,0,encounter-zone difficulty context,extracted
Skyrim.esm,Skyrim.esm:03EC7E,TalkingStoneCampZone,TalkingStoneCampLocation (Skyrim.esm:0192BA),2,0,0,0,encounter-zone difficulty context,extracted
Skyrim.esm,Skyrim.esm:027F6F,ThalmorEmbassyZone,ThalmorEmbassyLocation (Skyrim.esm:018C92),2,0,255,NeverResets,persistent dungeon/difficulty context,extracted
Skyrim.esm,Skyrim.esm:03EC7F,ThroatoftheWorldZone,ThroatoftheWorldLocation (Skyrim.esm:0192BB),10,0,0,0,encounter-zone difficulty context,extracted
Skyrim.esm,Skyrim.esm:03EC80,TolvaldsCaveZone,TolvaldsCaveLocation (Skyrim.esm:0192BC),18,0,0,0,encounter-zone difficulty context,extracted
Skyrim.esm,Skyrim.esm:10F67D,TowerOfMzarkZone,TowerOfMzarkLocation (Skyrim.esm:02D51D),18,0,0,NeverResets,persistent dungeon/difficulty context,extracted
Skyrim.esm,Skyrim.esm:0C2EE8,TraitorsPostZone,TraitorsPostLocation (Skyrim.esm:0C2EE7),5,0,0,0,encounter-zone difficulty context,extracted
Skyrim.esm,Skyrim.esm:03EC81,TrevasWatchZone,TrevasWatchLocation (Skyrim.esm:0192BD),6,0,0,0,encounter-zone difficulty context,extracted
Skyrim.esm,Skyrim.esm:03EC82,TumbleArchPassZone,TumbleArchPassLocation (Skyrim.esm:0192BE),2,0,0,0,encounter-zone difficulty context,extracted
Skyrim.esm,Skyrim.esm:03EBF3,TwilightSepulcherZone,TwilightSepulcherLocation (Skyrim.esm:01914B),8,0,0,0,encounter-zone difficulty context,extracted
Skyrim.esm,Skyrim.esm:03EC83,UstengravZone,UstengravLocation (Skyrim.esm:0192BF),6,0,0,NeverResets,persistent dungeon/difficulty context,extracted
Skyrim.esm,Skyrim.esm:03EC84,UtteringHillsCampZone,UtteringHillsCampLocation (Skyrim.esm:0192C0),6,0,0,0,encounter-zone difficulty context,extracted
Skyrim.esm,Skyrim.esm:0EAA61,ValkyggZone,ValkyggLocation (Skyrim.esm:0EAA62),6,0,0,0,encounter-zone difficulty context,extracted
Skyrim.esm,Skyrim.esm:03EC85,ValtheimKeepZone,ValtheimKeepLocation (Skyrim.esm:0192C1),6,0,0,0,encounter-zone difficulty context,extracted
Skyrim.esm,Skyrim.esm:03EC86,ValthumeZone,ValthumeLocation (Skyrim.esm:033DA0),24,0,0,NeverResets,persistent dungeon/difficulty context,extracted
Skyrim.esm,Skyrim.esm:03EC87,VolskyggeZone,,24,0,0,0,encounter-zone difficulty context,extracted
Skyrim.esm,Skyrim.esm:03EC88,VolunruudZone,VolunruudLocation (Skyrim.esm:0192C3),14,0,0,0,encounter-zone difficulty context,extracted
Skyrim.esm,Skyrim.esm:0E9DA8,WarehouseZone,WarehouseLocation (Skyrim.esm:0E9DA7),1,0,0,0,encounter-zone difficulty context,extracted
Skyrim.esm,Skyrim.esm:0C2EFD,WaywardPassZone,WaywardPassLocation (Skyrim.esm:0C2EFC),5,0,0,0,encounter-zone difficulty context,extracted
Skyrim.esm,Skyrim.esm:0BC0AD,WeynonStonesZone,WeynonStonesLocation (Skyrim.esm:0BC0AC),18,0,0,0,encounter-zone difficulty context,extracted
Skyrim.esm,Skyrim.esm:03EC8A,WhistlingMineZone,WhistlingMineLocation (Skyrim.esm:018E45),8,0,0,0,encounter-zone difficulty context,extracted
Skyrim.esm,Skyrim.esm:03EC8B,WhiteRiverWatchZone,WhiteRiverWatchLocation (Skyrim.esm:0192C5),6,10,0,0,encounter-zone difficulty context,extracted
Skyrim.esm,Skyrim.esm:0E66A1,WhitewatchTowerZone,WhitewatchTowerLocation (Skyrim.esm:0E66A0),6,0,0,0,encounter-zone difficulty context,extracted
Skyrim.esm,Skyrim.esm:0EF0AA,WidowsWatchRuinsZone,WidowsWatchRuinsLocation (Skyrim.esm:0EF0A9),6,0,0,0,encounter-zone difficulty context,extracted
Skyrim.esm,Skyrim.esm:0C2EEE,WindwardRuinsZone,WindwardRuinsLocation (Skyrim.esm:0C2EED),5,0,0,0,encounter-zone difficulty context,extracted
Skyrim.esm,Skyrim.esm:10D415,WinterholdCollegeMiddenZone,WinterholdCollegeMiddenLocation (Skyrim.esm:02BCEB),6,30,0,"NeverResets, MatchPcBelowMinimumLevel",persistent dungeon/difficulty context,extracted
Skyrim.esm,Skyrim.esm:03EC6B,WinterWarZone,WinterWarLocation (Skyrim.esm:0192A4),6,0,0,0,encounter-zone difficulty context,extracted
Skyrim.esm,Skyrim.esm:03EC8D,WitchmistGroveZone,WitchmistGroveLocation (Skyrim.esm:0192C7),14,0,0,0,encounter-zone difficulty context,extracted
Skyrim.esm,Skyrim.esm:03EC8E,WolfskullCaveZone,WolfskullCaveLocation (Skyrim.esm:0192C8),8,0,0,0,encounter-zone difficulty context,extracted
Skyrim.esm,Skyrim.esm:03EC8F,YngolBarrowZone,YngolBarrowLocation (Skyrim.esm:0192C9),6,0,0,NeverResets,persistent dungeon/difficulty context,extracted
Skyrim.esm,Skyrim.esm:03EC90,YngvildZone,YngvildLocation (Skyrim.esm:0192CA),8,0,0,NeverResets,persistent dungeon/difficulty context,extracted
Skyrim.esm,Skyrim.esm:0C3429,YorgrimOverlookZone,YorgrimOverlookLocation (Skyrim.esm:0C3428),5,0,0,0,encounter-zone difficulty context,extracted
Skyrim.esm,Skyrim.esm:03EC91,YsgramorsTombZone,YsgramorsTombLocation (Skyrim.esm:019265),6,0,0,NeverResets,persistent dungeon/difficulty context,extracted
Update.esm,Skyrim.esm:03EC17,FolgunthurZone,FolgunthurLocation (Skyrim.esm:019179),6,0,0,NeverResets,persistent dungeon/difficulty context,extracted
Update.esm,Skyrim.esm:03EC26,GeirmundsHallZone,GeirmundsHallLocation (Skyrim.esm:019188),6,0,0,NeverResets,persistent dungeon/difficulty context,extracted
