plugin,formid,editor_id,name,menu_display_object,words_of_power,modding_use,validation
Dawnguard.esm,Dawnguard.esm:018244,DLC1DragonDrainVitalityShout02,,MAGINVShoutPurple (Skyrim.esm:10F0FA),WordKrii (Skyrim.esm:060297) -> DLC1VoiceDragonDrainVitality02 (Dawnguard.esm:018243) (12s); WordLun (Skyrim.esm:060298) -> DLC1VoiceDragonDrainVitality02 (Dawnguard.esm:018243) (12s); WordAus (Skyrim.esm:060299) -> DLC1VoiceDragonDrainVitality02 (Dawnguard.esm:018243) (12s),Dragonborn/dragon shout reference,extracted
Dawnguard.esm,Dawnguard.esm:0181B8,DLC1DragonDrainVitalityShout03,,MAGINVShoutPurple (Skyrim.esm:10F0FA),WordKrii (Skyrim.esm:060297) -> DLC1VoiceDragonDrainVitality03 (Dawnguard.esm:0181B5) (12s); WordLun (Skyrim.esm:060298) -> DLC1VoiceDragonDrainVitality03 (Dawnguard.esm:0181B5) (12s); WordAus (Skyrim.esm:060299) -> DLC1VoiceDragonDrainVitality03 (Dawnguard.esm:0181B5) (12s),Dragonborn/dragon shout reference,extracted
Dawnguard.esm,Dawnguard.esm:0181B7,DLC1DragonDrainVitalityShout04,,MAGINVShoutPurple (Skyrim.esm:10F0FA),WordKrii (Skyrim.esm:060297) -> DLC1VoiceDragonDrainVitality04 (Dawnguard.esm:0181B4) (12s); WordLun (Skyrim.esm:060298) -> DLC1VoiceDragonDrainVitality04 (Dawnguard.esm:0181B4) (12s); WordAus (Skyrim.esm:060299) -> DLC1VoiceDragonDrainVitality04 (Dawnguard.esm:0181B4) (12s),Dragonborn/dragon shout reference,extracted
Dawnguard.esm,Dawnguard.esm:0181B6,DLC1DragonDrainVitalityShout05,,MAGINVShoutPurple (Skyrim.esm:10F0FA),WordKrii (Skyrim.esm:060297) -> DLC1VoiceDragonDrainVitality05 (Dawnguard.esm:0181B3) (12s); WordLun (Skyrim.esm:060298) -> DLC1VoiceDragonDrainVitality05 (Dawnguard.esm:0181B3) (12s); WordAus (Skyrim.esm:060299) -> DLC1VoiceDragonDrainVitality05 (Dawnguard.esm:0181B3) (12s),Dragonborn/dragon shout reference,extracted
Dawnguard.esm,Dawnguard.esm:008442,DLC1DragonDrainVitalityShout06,,MAGINVShoutPurple (Skyrim.esm:10F0FA),WordKrii (Skyrim.esm:060297) -> DLC1VoiceDragonDrainVitality06 (Dawnguard.esm:008441) (12s); WordLun (Skyrim.esm:060298) -> DLC1VoiceDragonDrainVitality06 (Dawnguard.esm:008441) (12s); WordAus (Skyrim.esm:060299) -> DLC1VoiceDragonDrainVitality06 (Dawnguard.esm:008441) (12s),Dragonborn/dragon shout reference,extracted
Dawnguard.esm,Dawnguard.esm:00C5F9,DLC1DragonDrainVitalityShout07,,MAGINVShoutPurple (Skyrim.esm:10F0FA),WordKrii (Skyrim.esm:060297) -> DLC1VoiceDragonDrainVitality07 (Dawnguard.esm:00C5F7) (12s); WordLun (Skyrim.esm:060298) -> DLC1VoiceDragonDrainVitality07 (Dawnguard.esm:00C5F7) (12s); WordAus (Skyrim.esm:060299) -> DLC1VoiceDragonDrainVitality07 (Dawnguard.esm:00C5F7) (12s),Dragonborn/dragon shout reference,extracted
Dawnguard.esm,Dawnguard.esm:00843A,DLC1DragonFireBallShout06,,MagicHatMarker (Skyrim.esm:0435A5),WordDragonFire01 (Skyrim.esm:0252C3) -> DLC1VoiceDragonFireBall06 (Dawnguard.esm:008436) (5s); WordDragonFire02 (Skyrim.esm:0252C4) -> DLC1VoiceDragonFireBall06 (Dawnguard.esm:008436) (5s); WordDragonFire03 (Skyrim.esm:0252C5) -> DLC1VoiceDragonFireBall06 (Dawnguard.esm:008436) (5s),Dragonborn/dragon shout reference,extracted
Dawnguard.esm,Dawnguard.esm:00843B,DLC1DragonFireBreathShout06,,MagicHatMarker (Skyrim.esm:0435A5),WordDragonFire01 (Skyrim.esm:0252C3) -> DLC1VoiceDragonFire06 (Dawnguard.esm:008435) (5s); WordDragonFire02 (Skyrim.esm:0252C4) -> DLC1VoiceDragonFire06 (Dawnguard.esm:008435) (5s); WordDragonFire03 (Skyrim.esm:0252C5) -> DLC1VoiceDragonFire06 (Dawnguard.esm:008435) (5s),Dragonborn/dragon shout reference,extracted
Dawnguard.esm,Dawnguard.esm:00C5FA,DLC1DragonFireBreathShout07,,MagicHatMarker (Skyrim.esm:0435A5),WordDragonFire01 (Skyrim.esm:0252C3) -> DLC1VoiceDragonFire07 (Dawnguard.esm:00C5F6) (5s); WordDragonFire02 (Skyrim.esm:0252C4) -> DLC1VoiceDragonFire07 (Dawnguard.esm:00C5F6) (5s); WordDragonFire03 (Skyrim.esm:0252C5) -> DLC1VoiceDragonFire07 (Dawnguard.esm:00C5F6) (5s),Dragonborn/dragon shout reference,extracted
Dawnguard.esm,Dawnguard.esm:00843C,DLC1DragonFrostBreathShout06,,MagicHatMarker (Skyrim.esm:0435A5),WordDragonFire01 (Skyrim.esm:0252C3) -> DLC1VoiceDragonFrost06 (Dawnguard.esm:008437) (5s); WordDragonFire02 (Skyrim.esm:0252C4) -> DLC1VoiceDragonFrost06 (Dawnguard.esm:008437) (5s); WordDragonFire03 (Skyrim.esm:0252C5) -> DLC1VoiceDragonFrost06 (Dawnguard.esm:008437) (5s),Dragonborn/dragon shout reference,extracted
Dawnguard.esm,Dawnguard.esm:00C5FB,DLC1DragonFrostBreathShout07,,MagicHatMarker (Skyrim.esm:0435A5),WordDragonFire01 (Skyrim.esm:0252C3) -> DLC1VoiceDragonFrost07 (Dawnguard.esm:00C5F8) (5s); WordDragonFire02 (Skyrim.esm:0252C4) -> DLC1VoiceDragonFrost07 (Dawnguard.esm:00C5F8) (5s); WordDragonFire03 (Skyrim.esm:0252C5) -> DLC1VoiceDragonFrost07 (Dawnguard.esm:00C5F8) (5s),Dragonborn/dragon shout reference,extracted
Dawnguard.esm,Dawnguard.esm:00843D,DLC1DragonFrostIceStormShout06,,MagicHatMarker (Skyrim.esm:0435A5),WordDragonFire01 (Skyrim.esm:0252C3) -> DLC1VoiceDragonFrostBall06 (Dawnguard.esm:008438) (5s); WordDragonFire02 (Skyrim.esm:0252C4) -> DLC1VoiceDragonFrostBall06 (Dawnguard.esm:008438) (5s); WordDragonFire03 (Skyrim.esm:0252C5) -> DLC1VoiceDragonFrostBall06 (Dawnguard.esm:008438) (5s),Dragonborn/dragon shout reference,extracted
Dawnguard.esm,Dawnguard.esm:01A165,DLC1DragonUndeadSummonShout,,MAGINVReanimate (Skyrim.esm:1097CC),DLC1UndeadSummon1 (Dawnguard.esm:01A162) -> DLC1VoiceUndeadSummon1 (Dawnguard.esm:01A166) (15s); DLC1UndeadSummon2 (Dawnguard.esm:01A163) -> DLC1VoiceUndeadSummon2 (Dawnguard.esm:01A167) (15s); DLC1UndeadSummon3 (Dawnguard.esm:01A164) -> DLC1VoiceUndeadSummon3 (Dawnguard.esm:01A168) (15s),Dragonborn/dragon shout reference,extracted
Dawnguard.esm,Dawnguard.esm:008A62,DLC1DrainVitalityShout,,MAGINVShoutPurple (Skyrim.esm:10F0FA),DLC1DrainVitality1Gaan (Dawnguard.esm:008A65) -> DLC1VoiceDrainVitality1 (Dawnguard.esm:008A61) (30s); DLC1DrainVitality2Lah (Dawnguard.esm:008A64) -> DLC1VoiceDrainVitality2 (Dawnguard.esm:008A5F) (60s); DLC1DrainVitality3Haas (Dawnguard.esm:008A63) -> DLC1VoiceDrainVitality3 (Dawnguard.esm:008A5E) (90s),voice-power reference,extracted
Dawnguard.esm,Dawnguard.esm:015C39,DLC1LD_ForgemasterFireballShout01,,MagicHatMarker (Skyrim.esm:0435A5),WordDragonFire01 (Skyrim.esm:0252C3) -> DLC1LD_ForgemasterFireball01 (Dawnguard.esm:015C3A) (0.25s); WordDragonFire02 (Skyrim.esm:0252C4) -> DLC1LD_ForgemasterFireball01 (Dawnguard.esm:015C3A) (0.25s); WordDragonFire03 (Skyrim.esm:0252C5) -> DLC1LD_ForgemasterFireball01 (Dawnguard.esm:015C3A) (0.25s),elemental voice-power reference,extracted
Dawnguard.esm,Dawnguard.esm:015C4B,DLC1LD_ForgemasterFireballShout02,,MagicHatMarker (Skyrim.esm:0435A5),WordDragonFire01 (Skyrim.esm:0252C3) -> DLC1LD_ForgemasterFireball02 (Dawnguard.esm:015C50) (0.25s); WordDragonFire02 (Skyrim.esm:0252C4) -> DLC1LD_ForgemasterFireball02 (Dawnguard.esm:015C50) (0.25s); WordDragonFire03 (Skyrim.esm:0252C5) -> DLC1LD_ForgemasterFireball02 (Dawnguard.esm:015C50) (0.25s),elemental voice-power reference,extracted
Dawnguard.esm,Dawnguard.esm:015C4D,DLC1LD_ForgemasterFireballShout03,,MagicHatMarker (Skyrim.esm:0435A5),WordDragonFire01 (Skyrim.esm:0252C3) -> DLC1LD_ForgemasterFireball03 (Dawnguard.esm:015C51) (0.25s); WordDragonFire02 (Skyrim.esm:0252C4) -> DLC1LD_ForgemasterFireball03 (Dawnguard.esm:015C51) (0.25s); WordDragonFire03 (Skyrim.esm:0252C5) -> DLC1LD_ForgemasterFireball03 (Dawnguard.esm:015C51) (0.25s),elemental voice-power reference,extracted
Dawnguard.esm,Dawnguard.esm:015C3E,DLC1LD_ForgemasterFireBreathShout01,,MAGINVShoutFire (Skyrim.esm:10EA46), -> DLC1LD_ForgemasterFireBreath01 (Dawnguard.esm:015C40) (3s);  -> DLC1LD_ForgemasterFireBreath01 (Dawnguard.esm:015C40) (3s);  -> DLC1LD_ForgemasterFireBreath01 (Dawnguard.esm:015C40) (3s),elemental voice-power reference,extracted
Dawnguard.esm,Dawnguard.esm:015C4A,DLC1LD_ForgemasterFireBreathShout02,,MAGINVShoutFire (Skyrim.esm:10EA46), -> DLC1LD_ForgemasterFireBreath03 (Dawnguard.esm:015C4F) (3s);  -> DLC1LD_ForgemasterFireBreath02 (Dawnguard.esm:015C4E) (3s);  -> DLC1LD_ForgemasterFireBreath02 (Dawnguard.esm:015C4E) (3s),elemental voice-power reference,extracted
Dawnguard.esm,Dawnguard.esm:015C4C,DLC1LD_ForgemasterFireBreathShout03,,MAGINVShoutFire (Skyrim.esm:10EA46), -> DLC1LD_ForgemasterFireBreath03 (Dawnguard.esm:015C4F) (3s);  -> DLC1LD_ForgemasterFireBreath03 (Dawnguard.esm:015C4F) (3s);  -> DLC1LD_ForgemasterFireBreath03 (Dawnguard.esm:015C4F) (3s),elemental voice-power reference,extracted
Dawnguard.esm,Dawnguard.esm:015C43,DLC1LD_ForgemasterFlameCloakShout,,MagicHatMarker (Skyrim.esm:0435A5), -> DLC1LD_ForgemasterFlameCloak (Dawnguard.esm:015C46) (5s);  -> DLC1LD_ForgemasterFlameCloak (Dawnguard.esm:015C46) (5s);  -> DLC1LD_ForgemasterFlameCloak (Dawnguard.esm:015C46) (5s),voice-power reference,extracted
Dawnguard.esm,Dawnguard.esm:007CB6,DLC1SoulTearShout,,MAGINVShoutKynes (Skyrim.esm:10F0FF),DLC1SoulTearing1Rii (Dawnguard.esm:007CB7) -> DLC1VoiceSoulTear1 (Dawnguard.esm:015716) (5s); DLC1SoulTearing2Vaaz (Dawnguard.esm:007CB8) -> DLC1VoiceSoulTear2 (Dawnguard.esm:015715) (5s); DLC1SoulTearing3Zol (Dawnguard.esm:007CB9) -> DLC1VoiceSoulTear3 (Dawnguard.esm:0038BD) (90s),voice-power reference,extracted
Dawnguard.esm,Dawnguard.esm:0030D2,DLC1SummonDragonShout,,MAGINVShoutPurple (Skyrim.esm:10F0FA),DLC1DragonSummon1Dur (Dawnguard.esm:0030D4) -> VoiceCallDragon01 (Skyrim.esm:0FEAD2) (5s); DLC1DragonSummon2Neh (Dawnguard.esm:0030D6) -> VoiceCallDragon01 (Skyrim.esm:0FEAD2) (5s); DLC1DragonSummon3Viir (Dawnguard.esm:0030D7) -> DLC1SummonDragon (Dawnguard.esm:0030D5) (300s),Dragonborn/dragon shout reference,extracted
Dawnguard.esm,Dawnguard.esm:00BFED,DLC1VQ05DurnehviirShout,,MagicHatMarker (Skyrim.esm:0435A5),WordDragonFire01 (Skyrim.esm:0252C3) -> DLC1VQ05RaiseDeadShout (Dawnguard.esm:00BFEE) (2s); WordDragonFire02 (Skyrim.esm:0252C4) -> DLC1VQ05RaiseDeadShout (Dawnguard.esm:00BFEE) (2s); WordDragonFire03 (Skyrim.esm:0252C5) -> DLC1VQ05RaiseDeadShout (Dawnguard.esm:00BFEE) (2s),voice-power reference,extracted
Dragonborn.esm,Dragonborn.esm:02AD09,DLC2BattleFuryShout,,MAGINVShoutBlueMagic (Skyrim.esm:10F0FB),DLC2BattleFuryWord1 (Dragonborn.esm:0200E4) -> DLC2VoiceBattleFury01 (Dragonborn.esm:0200C6) (20s); DLC2BattleFuryWord2 (Dragonborn.esm:0200E5) -> DLC2VoiceBattleFury02 (Dragonborn.esm:02AD0A) (30s); DLC2BattleFuryWord3 (Dragonborn.esm:0200E6) -> DLC2VoiceBattleFury03 (Dragonborn.esm:02AD0B) (40s),voice-power reference,extracted
Dragonborn.esm,Dragonborn.esm:0179D8,DLC2BendWillShout,,DLC2MAGINVShoutBendWill (Dragonborn.esm:03D590),DLC2BendToWillWord1 (Dragonborn.esm:0179D9) -> DLC2VoiceBendWill1 (Dragonborn.esm:0179DC) (10s); DLC2BendToWillWord2 (Dragonborn.esm:0179DA) -> DLC2VoiceBendWill2 (Dragonborn.esm:01FF1E) (90s); DLC2BendToWillWord3 (Dragonborn.esm:0179DB) -> DLC2VoiceBendWill3 (Dragonborn.esm:0179E1) (120s),voice-power reference,extracted
Dragonborn.esm,Dragonborn.esm:0200C0,DLC2CycloneShout,,MAGINVShoutSelfWhite (Skyrim.esm:10EA48),DLC2CycloneWord1 (Dragonborn.esm:0200C2) -> DLC2VoiceCyclone01 (Dragonborn.esm:0200BC) (30s); DLC2CycloneWord2 (Dragonborn.esm:0200C3) -> DLC2VoiceCyclone02 (Dragonborn.esm:0200BE) (45s); DLC2CycloneWord3 (Dragonborn.esm:0200C4) -> DLC2VoiceCyclone03 (Dragonborn.esm:0200C1) (60s),voice-power reference,extracted
Dragonborn.esm,Dragonborn.esm:01DF92,DLC2DragonAspectShout,,DLC2MAGINVShoutDBA (Dragonborn.esm:03D58F),DLC2DragonAspectWord1 (Dragonborn.esm:01DF93) -> DLC2DragonAspectArmsSpell (Dragonborn.esm:01DF91) (5s); DLC2DragonAspectWord2 (Dragonborn.esm:01DF94) -> DLC2DragonAspectBodySpell (Dragonborn.esm:01DF96) (5s); DLC2DragonAspectWord3 (Dragonborn.esm:01DF95) -> DLC2DragonAspectHeadSpell (Dragonborn.esm:01DF99) (5s),Dragonborn/dragon shout reference,extracted
Dragonborn.esm,Dragonborn.esm:036132,DLC2DragonFireBallShout06,,MagicHatMarker (Skyrim.esm:0435A5),WordDragonFire01 (Skyrim.esm:0252C3) -> VoiceDragonFireBall05 (Skyrim.esm:10C4DD) (5s); WordDragonFire02 (Skyrim.esm:0252C4) -> VoiceDragonFireBall05 (Skyrim.esm:10C4DD) (5s); WordDragonFire03 (Skyrim.esm:0252C5) -> DLC2VoiceDragonFireBall06 (Dragonborn.esm:036130) (5s),Dragonborn/dragon shout reference,extracted
Dragonborn.esm,Dragonborn.esm:036131,DLC2DragonFireBreathShout06,,MagicHatMarker (Skyrim.esm:0435A5),WordDragonFire01 (Skyrim.esm:0252C3) -> VoiceDragonFire05 (Skyrim.esm:10C4DB) (5s); WordDragonFire02 (Skyrim.esm:0252C4) -> VoiceDragonFire05 (Skyrim.esm:10C4DB) (5s); WordDragonFire03 (Skyrim.esm:0252C5) -> DLC2VoiceDragonFire06 (Dragonborn.esm:03612F) (5s),Dragonborn/dragon shout reference,extracted
Dragonborn.esm,Dragonborn.esm:03612B,DLC2DragonFrostBreathShout06,,MagicHatMarker (Skyrim.esm:0435A5),WordDragonFire01 (Skyrim.esm:0252C3) -> VoiceDragonFrost05 (Skyrim.esm:10C4DC) (5s); WordDragonFire02 (Skyrim.esm:0252C4) -> VoiceDragonFrost05 (Skyrim.esm:10C4DC) (5s); WordDragonFire03 (Skyrim.esm:0252C5) -> DLC2VoiceDragonFrost06 (Dragonborn.esm:03612A) (5s),Dragonborn/dragon shout reference,extracted
Dragonborn.esm,Dragonborn.esm:03612C,DLC2DragonFrostIceStormShout06,,MagicHatMarker (Skyrim.esm:0435A5),WordDragonFire01 (Skyrim.esm:0252C3) -> VoiceDragonFrostBall05 (Skyrim.esm:10C4DE) (5s); WordDragonFire02 (Skyrim.esm:0252C4) -> VoiceDragonFrostBall05 (Skyrim.esm:10C4DE) (5s); WordDragonFire03 (Skyrim.esm:0252C5) -> DLC2VoiceDragonFrostBall06 (Dragonborn.esm:03612D) (5s),Dragonborn/dragon shout reference,extracted
Dragonborn.esm,Dragonborn.esm:023F7A,DLC2MiraakBecomeEtherealShout,,MAGINVShoutEtherial (Skyrim.esm:10EA49),MQFakeWord (Skyrim.esm:0FF8D7) -> VoiceBecomeEthereal1 (Skyrim.esm:05F6EB) (20s); MQFakeWord (Skyrim.esm:0FF8D7) -> VoiceBecomeEthereal2 (Skyrim.esm:05F6EC) (20s); MQFakeWord (Skyrim.esm:0FF8D7) -> VoiceBecomeEthereal3 (Skyrim.esm:05F6ED) (20s),voice-power reference,extracted
Dragonborn.esm,Dragonborn.esm:023F79,DLC2MiraakCycloneShout,,MAGINVShoutBlueMagic (Skyrim.esm:10F0FB),MQFakeWord (Skyrim.esm:0FF8D7) -> DLC2VoiceCyclone01 (Dragonborn.esm:0200BC) (10s); MQFakeWord (Skyrim.esm:0FF8D7) -> DLC2VoiceCyclone02 (Dragonborn.esm:0200BE) (10s); MQFakeWord (Skyrim.esm:0FF8D7) -> DLC2VoiceMiraakCyclone03 (Dragonborn.esm:03D2AD) (10s),voice-power reference,extracted
Dragonborn.esm,Dragonborn.esm:038B0F,DLC2MiraakDragonAspectShout,,MAGINVShoutEtherial (Skyrim.esm:10EA49),MQFakeWord (Skyrim.esm:0FF8D7) -> DLC2DragonAspectMiraak (Dragonborn.esm:03D5B2) (5s); MQFakeWord (Skyrim.esm:0FF8D7) -> DLC2DragonAspectMiraak (Dragonborn.esm:03D5B2) (5s); MQFakeWord (Skyrim.esm:0FF8D7) -> DLC2DragonAspectMiraak (Dragonborn.esm:03D5B2) (5s),Dragonborn/dragon shout reference,extracted
Dragonborn.esm,Dragonborn.esm:038B0B,DLC2MiraakElementalFuryShout,,MAGINVShoutSelfWhite (Skyrim.esm:10EA48),MQFakeWord (Skyrim.esm:0FF8D7) -> VoiceElementalFury1 (Skyrim.esm:02C595) (5s); MQFakeWord (Skyrim.esm:0FF8D7) -> VoiceElementalFury2 (Skyrim.esm:09CD4E) (5s); MQFakeWord (Skyrim.esm:0FF8D7) -> VoiceElementalFury3 (Skyrim.esm:09CD4F) (5s),voice-power reference,extracted
Dragonborn.esm,Dragonborn.esm:0382F9,DLC2MiraakFakeKillShout,,MagicHatMarker (Skyrim.esm:0435A5),MQFakeWord (Skyrim.esm:0FF8D7) -> DLC2MiraakFakeShoutSpell (Dragonborn.esm:034813) (2s); MQFakeWord (Skyrim.esm:0FF8D7) -> DLC2MiraakFakeShoutSpell (Dragonborn.esm:034813) (2s); MQFakeWord (Skyrim.esm:0FF8D7) -> DLC2MiraakFakeShoutSpell (Dragonborn.esm:034813) (2s),voice-power reference,extracted
Dragonborn.esm,Dragonborn.esm:038B0C,DLC2MiraakFireBreathShout,,MAGINVShoutFire (Skyrim.esm:10EA46),MQFakeWord (Skyrim.esm:0FF8D7) -> VoiceFireBreath1 (Skyrim.esm:03F9EB) (5s); MQFakeWord (Skyrim.esm:0FF8D7) -> VoiceFireBreath2 (Skyrim.esm:03F9EC) (5s); MQFakeWord (Skyrim.esm:0FF8D7) -> VoiceFireBreath3 (Skyrim.esm:03F9ED) (5s),elemental voice-power reference,extracted
Dragonborn.esm,Dragonborn.esm:038B0D,DLC2MiraakFrostBreathShout,,MAGINVShoutFrost (Skyrim.esm:10F0FC),MQFakeWord (Skyrim.esm:0FF8D7) -> VoiceFrostBreath1 (Skyrim.esm:05D172) (5s); MQFakeWord (Skyrim.esm:0FF8D7) -> VoiceFrostBreath2 (Skyrim.esm:05D173) (5s); MQFakeWord (Skyrim.esm:0FF8D7) -> VoiceFrostBreath3 (Skyrim.esm:05D174) (5s),elemental voice-power reference,extracted
Dragonborn.esm,Dragonborn.esm:038B0E,DLC2MiraakUnrelentingForceShout,,MAGINVUnrelentSpellArt (Skyrim.esm:0A59AC),MQFakeWord (Skyrim.esm:0FF8D7) -> VoiceUnrelentingForce1 (Skyrim.esm:013E09) (5s); MQFakeWord (Skyrim.esm:0FF8D7) -> VoiceUnrelentingForce2 (Skyrim.esm:013F39) (5s); MQFakeWord (Skyrim.esm:0FF8D7) -> VoiceUnrelentingForce2 (Skyrim.esm:013F39) (5s),voice-power reference,extracted
Dragonborn.esm,Dragonborn.esm:03547B,DLC2MiraakWhirlwindSprintShout,,MagicHatMarker (Skyrim.esm:0435A5),MQFakeWord (Skyrim.esm:0FF8D7) -> VoiceWhirlwindSprint1 (Skyrim.esm:02F7BE) (0.1s); MQFakeWord (Skyrim.esm:0FF8D7) -> VoiceWhirlwindSprint2 (Skyrim.esm:02F7BF) (0.1s); MQFakeWord (Skyrim.esm:0FF8D7) -> VoiceWhirlwindSprint3 (Skyrim.esm:02F7C0) (0.1s),voice-power reference,extracted
Dragonborn.esm,Dragonborn.esm:039D28,dlc2MKMiraakMaskShoutShout,,MAGINVUnrelentSpellArt (Skyrim.esm:0A59AC),DLC2MKMiraakMaskShoutWord (Dragonborn.esm:039D29) -> dlc2MKMiraakMaskShoutSpell (Dragonborn.esm:039D27) (1s);  ->  (20s);  ->  (45s),voice-power reference,extracted
Skyrim.esm,Skyrim.esm:04C40B,AlduinFirestormShout,Dragon Storm Call,MagicHatMarker (Skyrim.esm:0435A5),WordDragonFire01 (Skyrim.esm:0252C3) -> DragonVoiceStormCall (Skyrim.esm:016D40) (1s); WordDragonFire02 (Skyrim.esm:0252C4) -> DragonVoiceStormCall (Skyrim.esm:016D40) (1s); WordDragonFire03 (Skyrim.esm:0252C5) -> DragonVoiceStormCall (Skyrim.esm:016D40) (1s),Dragonborn/dragon shout reference,extracted
Skyrim.esm,Skyrim.esm:05FC77,animalAllegianceShout,Animal Allegiance,MAGINVShoutSelfWhite (Skyrim.esm:10EA48),WordRaan (Skyrim.esm:060291) -> VoiceAnimalAllegiance1 (Skyrim.esm:09E0CC) (50s); WordMir (Skyrim.esm:060292) -> VoiceAnimalAllegiance2 (Skyrim.esm:09E0CD) (60s); WordTah (Skyrim.esm:060293) -> VoiceAnimalAllegiance3 (Skyrim.esm:09E0CE) (70s),voice-power reference,extracted
Skyrim.esm,Skyrim.esm:07097B,AuraWhisperShout,Aura Whisper,MAGINVShoutPinkMagic (Skyrim.esm:10EA47),WordLaas (Skyrim.esm:060294) -> VoiceAuraWhisper1 (Skyrim.esm:08AFCC) (30s); WordYah (Skyrim.esm:060295) -> VoiceAuraWhisper2 (Skyrim.esm:08AFCD) (40s); WordNir (Skyrim.esm:060296) -> VoiceAuraWhisper3 (Skyrim.esm:08AFCE) (50s),voice-power reference,extracted
Skyrim.esm,Skyrim.esm:032920,BecomeEtherealShout,Become Ethereal,MAGINVShoutEtherial (Skyrim.esm:10EA49),WordFeim (Skyrim.esm:032917) -> VoiceBecomeEthereal1 (Skyrim.esm:05F6EB) (20s); WordZii (Skyrim.esm:032918) -> VoiceBecomeEthereal2 (Skyrim.esm:05F6EC) (30s); WordGron (Skyrim.esm:032919) -> VoiceBecomeEthereal3 (Skyrim.esm:05F6ED) (40s),voice-power reference,extracted
Skyrim.esm,Skyrim.esm:046B8C,CallDragonShout,Call Dragon,MAGINVShoutSelfWhite (Skyrim.esm:10EA48),WordOd (Skyrim.esm:046B89) -> VoiceCallDragon01 (Skyrim.esm:0FEAD2) (5s); WordAh (Skyrim.esm:046B8A) -> VoiceCallDragon01 (Skyrim.esm:0FEAD2) (5s); WordViing (Skyrim.esm:046B8B) -> VoiceCallDragon03 (Skyrim.esm:046B85) (300s),Dragonborn/dragon shout reference,extracted
Skyrim.esm,Skyrim.esm:05196A,CallofValorShout,Call of Valor,MAGINVShoutEtherial (Skyrim.esm:10EA49),WordHun (Skyrim.esm:051960) -> VoiceCallHero1 (Skyrim.esm:051967) (180s); WordKaal (Skyrim.esm:051961) -> VoiceCallHero2 (Skyrim.esm:051964) (180s); WordZoor (Skyrim.esm:051962) -> VoiceCallHero3 (Skyrim.esm:051969) (180s),voice-power reference,extracted
Skyrim.esm,Skyrim.esm:03CD34,ClearSkiesShout,Clear Skies,MAGINVUnrelentSpellArt (Skyrim.esm:0A59AC),WordLok (Skyrim.esm:03CD31) -> VoiceClearSkiesSelf1 (Skyrim.esm:078BA2) (5s); WordVah (Skyrim.esm:03CD32) -> VoiceClearSkiesSelf2 (Skyrim.esm:078BA3) (10s); WordKoor (Skyrim.esm:03CD33) -> VoiceClearSkiesSelf3 (Skyrim.esm:078BA4) (15s),voice-power reference,extracted
Skyrim.esm,Skyrim.esm:0A82BC,crCenturionBreathWeapon,Steam Breath,, -> crDwarvenCenturionSteamBreath (Skyrim.esm:090355) (10s);  -> crDwarvenCenturionSteamBreath (Skyrim.esm:090355) (10s);  -> crDwarvenCenturionSteamBreath (Skyrim.esm:090355) (10s),voice-power reference,extracted
Skyrim.esm,Skyrim.esm:10E755,crCenturionBreathWeaponMal,Steam Breath,, -> crDwarvenCenturionSteamBreathMal (Skyrim.esm:10E754) (10s);  -> crDwarvenCenturionSteamBreathMal (Skyrim.esm:10E754) (10s);  -> crDwarvenCenturionSteamBreathMal (Skyrim.esm:10E754) (10s),voice-power reference,extracted
Skyrim.esm,Skyrim.esm:059327,DA13AfflictedBreathShout,Vile Vapor,,WordDragonFire01 (Skyrim.esm:0252C3) -> DA13AfflictedBreath (Skyrim.esm:059324) (99s); WordDragonFire01 (Skyrim.esm:0252C3) -> DA13AfflictedBreath (Skyrim.esm:059324) (99s); WordDragonFire01 (Skyrim.esm:0252C3) -> DA13AfflictedBreath (Skyrim.esm:059324) (5s),voice-power reference,extracted
Skyrim.esm,Skyrim.esm:070981,DisarmShout,Disarm,MAGINVUnrelentSpellArt (Skyrim.esm:0A59AC),WordZun (Skyrim.esm:05FB95) -> VoiceDisarm1 (Skyrim.esm:08BB27) (30s); WordHaal (Skyrim.esm:05FB96) -> VoiceDisarm2 (Skyrim.esm:08BB28) (35s); WordViik (Skyrim.esm:05FB97) -> VoiceDisarm3 (Skyrim.esm:08BB29) (40s),voice-power reference,extracted
Skyrim.esm,Skyrim.esm:02395A,Dismay,Dismay,MAGINVShoutPinkMagic (Skyrim.esm:10EA47),WordFaas (Skyrim.esm:03291A) -> VoiceDismayingShout1 (Skyrim.esm:02395B) (40s); WordRu (Skyrim.esm:03291B) -> VoiceDismayingShout2 (Skyrim.esm:02395E) (45s); WordMaar (Skyrim.esm:03291C) -> VoiceDismayingShout3 (Skyrim.esm:023967) (50s),voice-power reference,extracted
Skyrim.esm,Skyrim.esm:016C40,DragonDisarmShout,Dragon Disarm,MagicHatMarker (Skyrim.esm:0435A5),WordDragonFire01 (Skyrim.esm:0252C3) -> DragonVoiceDisarm (Skyrim.esm:016CF2) (15s); WordDragonFire02 (Skyrim.esm:0252C4) -> DragonVoiceDisarm (Skyrim.esm:016CF2) (15s); WordDragonFire03 (Skyrim.esm:0252C5) -> DragonVoiceDisarm (Skyrim.esm:016CF2) (15s),Dragonborn/dragon shout reference,extracted
Skyrim.esm,Skyrim.esm:04DBA5,DragonFireBallShout01,Fire Ball,MagicHatMarker (Skyrim.esm:0435A5),WordDragonFire01 (Skyrim.esm:0252C3) -> VoiceDragonFireBall01 (Skyrim.esm:0742CE) (5s); WordDragonFire02 (Skyrim.esm:0252C4) -> VoiceDragonFireBall01 (Skyrim.esm:0742CE) (5s); WordDragonFire03 (Skyrim.esm:0252C5) -> VoiceDragonFireBall01 (Skyrim.esm:0742CE) (5s),Dragonborn/dragon shout reference,extracted
Skyrim.esm,Skyrim.esm:0F80F7,DragonFireBallShout02,Fire Ball,MagicHatMarker (Skyrim.esm:0435A5),WordDragonFire01 (Skyrim.esm:0252C3) -> VoiceDragonFireBall02 (Skyrim.esm:0F80F5) (5s); WordDragonFire02 (Skyrim.esm:0252C4) -> VoiceDragonFireBall02 (Skyrim.esm:0F80F5) (5s); WordDragonFire03 (Skyrim.esm:0252C5) -> VoiceDragonFireBall02 (Skyrim.esm:0F80F5) (5s),Dragonborn/dragon shout reference,extracted
Skyrim.esm,Skyrim.esm:0FEAA0,DragonFireBallShout03,Fire Ball,MagicHatMarker (Skyrim.esm:0435A5),WordDragonFire01 (Skyrim.esm:0252C3) -> VoiceDragonFireBall03 (Skyrim.esm:0FEA9F) (5s); WordDragonFire02 (Skyrim.esm:0252C4) -> VoiceDragonFireBall03 (Skyrim.esm:0FEA9F) (5s); WordDragonFire03 (Skyrim.esm:0252C5) -> VoiceDragonFireBall03 (Skyrim.esm:0FEA9F) (5s),Dragonborn/dragon shout reference,extracted
Skyrim.esm,Skyrim.esm:0F8108,DragonFireBallShout04,Fire Ball,MagicHatMarker (Skyrim.esm:0435A5),WordDragonFire01 (Skyrim.esm:0252C3) -> VoiceDragonFireBall04 (Skyrim.esm:0F8105) (5s); WordDragonFire02 (Skyrim.esm:0252C4) -> VoiceDragonFireBall04 (Skyrim.esm:0F8105) (5s); WordDragonFire03 (Skyrim.esm:0252C5) -> VoiceDragonFireBall04 (Skyrim.esm:0F8105) (5s),Dragonborn/dragon shout reference,extracted
Skyrim.esm,Skyrim.esm:10C4DF,DragonFireBallShout05,Fire Ball,MagicHatMarker (Skyrim.esm:0435A5),WordDragonFire01 (Skyrim.esm:0252C3) -> VoiceDragonFireBall05 (Skyrim.esm:10C4DD) (5s); WordDragonFire02 (Skyrim.esm:0252C4) -> VoiceDragonFireBall05 (Skyrim.esm:10C4DD) (5s); WordDragonFire03 (Skyrim.esm:0252C5) -> VoiceDragonFireBall05 (Skyrim.esm:10C4DD) (5s),Dragonborn/dragon shout reference,extracted
Skyrim.esm,Skyrim.esm:0252C0,DragonFireBreathShout01,Fire Breath,MagicHatMarker (Skyrim.esm:0435A5),WordDragonFire01 (Skyrim.esm:0252C3) -> VoiceDragonFire01 (Skyrim.esm:0252C2) (5s); WordDragonFire02 (Skyrim.esm:0252C4) -> VoiceDragonFire01 (Skyrim.esm:0252C2) (5s); WordDragonFire03 (Skyrim.esm:0252C5) -> VoiceDragonFire01 (Skyrim.esm:0252C2) (5s),Dragonborn/dragon shout reference,extracted
Skyrim.esm,Skyrim.esm:0F80F8,DragonFireBreathShout02,Fire Breath,MagicHatMarker (Skyrim.esm:0435A5),WordDragonFire01 (Skyrim.esm:0252C3) -> VoiceDragonFire02 (Skyrim.esm:0F80F3) (5s); WordDragonFire02 (Skyrim.esm:0252C4) -> VoiceDragonFire02 (Skyrim.esm:0F80F3) (5s); WordDragonFire03 (Skyrim.esm:0252C5) -> VoiceDragonFire02 (Skyrim.esm:0F80F3) (5s),Dragonborn/dragon shout reference,extracted
Skyrim.esm,Skyrim.esm:0FEA9D,DragonFireBreathShout03,Fire Breath,MagicHatMarker (Skyrim.esm:0435A5),WordDragonFire01 (Skyrim.esm:0252C3) -> VoiceDragonFire03 (Skyrim.esm:0FEA9E) (5s); WordDragonFire02 (Skyrim.esm:0252C4) -> VoiceDragonFire03 (Skyrim.esm:0FEA9E) (5s); WordDragonFire03 (Skyrim.esm:0252C5) -> VoiceDragonFire03 (Skyrim.esm:0FEA9E) (5s),Dragonborn/dragon shout reference,extracted
Skyrim.esm,Skyrim.esm:0F8109,DragonFireBreathShout04,Fire Breath,MagicHatMarker (Skyrim.esm:0435A5),WordDragonFire01 (Skyrim.esm:0252C3) -> VoiceDragonFire04 (Skyrim.esm:0F8104) (5s); WordDragonFire02 (Skyrim.esm:0252C4) -> VoiceDragonFire04 (Skyrim.esm:0F8104) (5s); WordDragonFire03 (Skyrim.esm:0252C5) -> VoiceDragonFire04 (Skyrim.esm:0F8104) (5s),Dragonborn/dragon shout reference,extracted
Skyrim.esm,Skyrim.esm:10C4E0,DragonFireBreathShout05,Fire Breath,MagicHatMarker (Skyrim.esm:0435A5),WordDragonFire01 (Skyrim.esm:0252C3) -> VoiceDragonFire05 (Skyrim.esm:10C4DB) (5s); WordDragonFire02 (Skyrim.esm:0252C4) -> VoiceDragonFire05 (Skyrim.esm:10C4DB) (5s); WordDragonFire03 (Skyrim.esm:0252C5) -> VoiceDragonFire05 (Skyrim.esm:10C4DB) (5s),Dragonborn/dragon shout reference,extracted
Skyrim.esm,Skyrim.esm:0F80FB,DragonFrostBreathShout01,Frost Breath,MagicHatMarker (Skyrim.esm:0435A5),WordDragonFire01 (Skyrim.esm:0252C3) -> VoiceDragonFrost01 (Skyrim.esm:0F80F4) (5s); WordDragonFire02 (Skyrim.esm:0252C4) -> VoiceDragonFrost01 (Skyrim.esm:0F80F4) (5s); WordDragonFire03 (Skyrim.esm:0252C5) -> VoiceDragonFrost01 (Skyrim.esm:0F80F4) (5s),Dragonborn/dragon shout reference,extracted
Skyrim.esm,Skyrim.esm:0549B2,DragonFrostBreathShout02,Frost Breath,MagicHatMarker (Skyrim.esm:0435A5),WordDragonFire01 (Skyrim.esm:0252C3) -> VoiceDragonFrost02 (Skyrim.esm:0549B3) (5s); WordDragonFire02 (Skyrim.esm:0252C4) -> VoiceDragonFrost02 (Skyrim.esm:0549B3) (5s); WordDragonFire03 (Skyrim.esm:0252C5) -> VoiceDragonFrost02 (Skyrim.esm:0549B3) (5s),Dragonborn/dragon shout reference,extracted
Skyrim.esm,Skyrim.esm:0F8100,DragonFrostBreathShout03,Frost Breath,MagicHatMarker (Skyrim.esm:0435A5),WordDragonFire01 (Skyrim.esm:0252C3) -> VoiceDragonFrost03 (Skyrim.esm:0F80FE) (5s); WordDragonFire02 (Skyrim.esm:0252C4) -> VoiceDragonFrost03 (Skyrim.esm:0F80FE) (5s); WordDragonFire03 (Skyrim.esm:0252C5) -> VoiceDragonFrost03 (Skyrim.esm:0F80FE) (5s),Dragonborn/dragon shout reference,extracted
Skyrim.esm,Skyrim.esm:0F810A,DragonFrostBreathShout04,Frost Breath,MagicHatMarker (Skyrim.esm:0435A5),WordDragonFire01 (Skyrim.esm:0252C3) -> VoiceDragonFrost04 (Skyrim.esm:0F8106) (5s); WordDragonFire02 (Skyrim.esm:0252C4) -> VoiceDragonFrost04 (Skyrim.esm:0F8106) (5s); WordDragonFire03 (Skyrim.esm:0252C5) -> VoiceDragonFrost04 (Skyrim.esm:0F8106) (5s),Dragonborn/dragon shout reference,extracted
Skyrim.esm,Skyrim.esm:10C4E1,DragonFrostBreathShout05,Frost Breath,MagicHatMarker (Skyrim.esm:0435A5),WordDragonFire01 (Skyrim.esm:0252C3) -> VoiceDragonFrost05 (Skyrim.esm:10C4DC) (5s); WordDragonFire02 (Skyrim.esm:0252C4) -> VoiceDragonFrost05 (Skyrim.esm:10C4DC) (5s); WordDragonFire03 (Skyrim.esm:0252C5) -> VoiceDragonFrost05 (Skyrim.esm:10C4DC) (5s),Dragonborn/dragon shout reference,extracted
Skyrim.esm,Skyrim.esm:0F80F9,DragonFrostIceStormShout01,Ice Storm,MagicHatMarker (Skyrim.esm:0435A5),WordDragonFire01 (Skyrim.esm:0252C3) -> VoiceDragonFrostBall01 (Skyrim.esm:0F80F6) (5s); WordDragonFire02 (Skyrim.esm:0252C4) -> VoiceDragonFrostBall01 (Skyrim.esm:0F80F6) (5s); WordDragonFire03 (Skyrim.esm:0252C5) -> VoiceDragonFrostBall01 (Skyrim.esm:0F80F6) (5s),Dragonborn/dragon shout reference,extracted
Skyrim.esm,Skyrim.esm:0DD607,DragonFrostIceStormShout02,Ice Storm,MagicHatMarker (Skyrim.esm:0435A5),WordDragonFire01 (Skyrim.esm:0252C3) -> VoiceDragonFrostBall02 (Skyrim.esm:0DD606) (5s); WordDragonFire02 (Skyrim.esm:0252C4) -> VoiceDragonFrostBall02 (Skyrim.esm:0DD606) (5s); WordDragonFire03 (Skyrim.esm:0252C5) -> VoiceDragonFrostBall02 (Skyrim.esm:0DD606) (5s),Dragonborn/dragon shout reference,extracted
Skyrim.esm,Skyrim.esm:0F8101,DragonFrostIceStormShout03,Ice Storm,MagicHatMarker (Skyrim.esm:0435A5),WordDragonFire01 (Skyrim.esm:0252C3) -> VoiceDragonFrostBall03 (Skyrim.esm:0F80FF) (5s); WordDragonFire02 (Skyrim.esm:0252C4) -> VoiceDragonFrostBall03 (Skyrim.esm:0F80FF) (5s); WordDragonFire03 (Skyrim.esm:0252C5) -> VoiceDragonFrostBall03 (Skyrim.esm:0F80FF) (5s),Dragonborn/dragon shout reference,extracted
Skyrim.esm,Skyrim.esm:0F810B,DragonFrostIceStormShout04,Ice Storm,MagicHatMarker (Skyrim.esm:0435A5),WordDragonFire01 (Skyrim.esm:0252C3) -> VoiceDragonFrostBall04 (Skyrim.esm:0F8107) (5s); WordDragonFire02 (Skyrim.esm:0252C4) -> VoiceDragonFrostBall04 (Skyrim.esm:0F8107) (5s); WordDragonFire03 (Skyrim.esm:0252C5) -> VoiceDragonFrostBall04 (Skyrim.esm:0F8107) (5s),Dragonborn/dragon shout reference,extracted
Skyrim.esm,Skyrim.esm:10C4E2,DragonFrostIceStormShout05,Ice Storm,MagicHatMarker (Skyrim.esm:0435A5),WordDragonFire01 (Skyrim.esm:0252C3) -> VoiceDragonFrostBall05 (Skyrim.esm:10C4DE) (5s); WordDragonFire02 (Skyrim.esm:0252C4) -> VoiceDragonFrostBall05 (Skyrim.esm:10C4DE) (5s); WordDragonFire03 (Skyrim.esm:0252C5) -> VoiceDragonFrostBall05 (Skyrim.esm:10C4DE) (5s),Dragonborn/dragon shout reference,extracted
Skyrim.esm,Skyrim.esm:044250,DragonrendShout,Dragonrend,MAGINVShoutBlueMagic (Skyrim.esm:10F0FB),WordJoor (Skyrim.esm:044251) -> VoiceDragonrend1 (Skyrim.esm:044254) (10s); WordZah (Skyrim.esm:044252) -> VoiceDragonrend2 (Skyrim.esm:028315) (12s); WordFrul (Skyrim.esm:044253) -> VoiceDragonrend3 (Skyrim.esm:028345) (15s),Dragonborn/dragon shout reference,extracted
Skyrim.esm,Skyrim.esm:016CF0,DragonUnrelentingForceShout,Dragon Unrelenting Force,MAGINVUnrelentSpellArt (Skyrim.esm:0A59AC),WordDragonFire01 (Skyrim.esm:0252C3) -> DragonVoiceUnrelentingForce (Skyrim.esm:016D45) (5s); WordDragonFire02 (Skyrim.esm:0252C4) -> DragonVoiceUnrelentingForce (Skyrim.esm:016D45) (5s); WordDragonFire03 (Skyrim.esm:0252C5) -> DragonVoiceUnrelentingForce (Skyrim.esm:016D45) (5s),Dragonborn/dragon shout reference,extracted
Skyrim.esm,Skyrim.esm:0E4908,dunCGAlduinFireBreathShout,Fire Breath (for DRAGONS only),MagicHatMarker (Skyrim.esm:0435A5),WordDragonFire01 (Skyrim.esm:0252C3) -> dunCGVoiceDragonFire1 (Skyrim.esm:0E4909) (1s); WordDragonFire02 (Skyrim.esm:0252C4) -> dunCGVoiceDragonFire1 (Skyrim.esm:0E4909) (2s); WordDragonFire03 (Skyrim.esm:0252C5) -> dunCGVoiceDragonFire1 (Skyrim.esm:0E4909) (3s),Dragonborn/dragon shout reference,extracted
Skyrim.esm,Skyrim.esm:0B2387,dunCGDragonStormCallShout,Dragon Storm Call,MagicHatMarker (Skyrim.esm:0435A5),WordDragonFire01 (Skyrim.esm:0252C3) -> dunCGDragonVoiceStormCall (Skyrim.esm:0B2388) (60s); WordDragonFire02 (Skyrim.esm:0252C4) -> dunCGDragonVoiceStormCall (Skyrim.esm:0B2388) (60s); WordDragonFire03 (Skyrim.esm:0252C5) -> dunCGDragonVoiceStormCall (Skyrim.esm:0B2388) (60s),Dragonborn/dragon shout reference,extracted
Skyrim.esm,Skyrim.esm:032921,ElementalFuryShout,Elemental Fury,MAGINVShoutSelfWhite (Skyrim.esm:10EA48),WordSu (Skyrim.esm:03291D) -> VoiceElementalFury1 (Skyrim.esm:02C595) (30s); WordGrah (Skyrim.esm:03291E) -> VoiceElementalFury2 (Skyrim.esm:09CD4E) (40s); WordDun (Skyrim.esm:03291F) -> VoiceElementalFury3 (Skyrim.esm:09CD4F) (50s),voice-power reference,extracted
Skyrim.esm,Skyrim.esm:03F9EA,FireBreathShout,Fire Breath,MAGINVShoutFire (Skyrim.esm:10EA46),WordYol (Skyrim.esm:020E17) -> VoiceFireBreath1 (Skyrim.esm:03F9EB) (30s); WordToor (Skyrim.esm:020E18) -> VoiceFireBreath2 (Skyrim.esm:03F9EC) (50s); WordShul (Skyrim.esm:020E19) -> VoiceFireBreath3 (Skyrim.esm:03F9ED) (100s),elemental voice-power reference,extracted
Skyrim.esm,Skyrim.esm:05D16B,FrostBreathShout,Frost Breath,MAGINVShoutFrost (Skyrim.esm:10F0FC),WordFo (Skyrim.esm:05D16C) -> VoiceFrostBreath1 (Skyrim.esm:05D172) (30s); WordKrah (Skyrim.esm:05D16D) -> VoiceFrostBreath2 (Skyrim.esm:05D173) (50s); WordDiin (Skyrim.esm:05D16E) -> VoiceFrostBreath3 (Skyrim.esm:05D174) (100s),elemental voice-power reference,extracted
Skyrim.esm,Skyrim.esm:10F72D,GreybeardDisarmShout,,MAGINVUnrelentSpellArt (Skyrim.esm:0A59AC),WordDragonFire01 (Skyrim.esm:0252C3) -> VoiceDisarm1 (Skyrim.esm:08BB27) (5s); WordDragonFire01 (Skyrim.esm:0252C3) -> VoiceDisarm2 (Skyrim.esm:08BB28) (5s); WordDragonFire01 (Skyrim.esm:0252C3) -> VoiceDisarm3 (Skyrim.esm:08BB29) (5s),voice-power reference,extracted
Skyrim.esm,Skyrim.esm:10F733,GreybeardDismay,,MAGINVShoutPinkMagic (Skyrim.esm:10EA47),WordDragonFire01 (Skyrim.esm:0252C3) -> VoiceDismayingShout1 (Skyrim.esm:02395B) (5s); WordDragonFire01 (Skyrim.esm:0252C3) -> VoiceDismayingShout2 (Skyrim.esm:02395E) (5s); WordDragonFire01 (Skyrim.esm:0252C3) -> VoiceDismayingShout3 (Skyrim.esm:023967) (5s),voice-power reference,extracted
Skyrim.esm,Skyrim.esm:10F734,GreybeardElementalFuryShout,,MAGINVShoutSelfWhite (Skyrim.esm:10EA48),WordDragonFire01 (Skyrim.esm:0252C3) -> VoiceElementalFury1 (Skyrim.esm:02C595) (5s); WordDragonFire01 (Skyrim.esm:0252C3) -> VoiceElementalFury2 (Skyrim.esm:09CD4E) (5s); WordDragonFire01 (Skyrim.esm:0252C3) -> VoiceElementalFury3 (Skyrim.esm:09CD4F) (5s),voice-power reference,extracted
Skyrim.esm,Skyrim.esm:10F72E,GreybeardFireBreathShout,,MAGINVShoutFire (Skyrim.esm:10EA46),WordDragonFire01 (Skyrim.esm:0252C3) -> VoiceFireBreath1 (Skyrim.esm:03F9EB) (5s); WordDragonFire01 (Skyrim.esm:0252C3) -> VoiceFireBreath2 (Skyrim.esm:03F9EC) (5s); WordDragonFire01 (Skyrim.esm:0252C3) -> VoiceFireBreath3 (Skyrim.esm:03F9ED) (5s),elemental voice-power reference,extracted
Skyrim.esm,Skyrim.esm:10F72F,GreybeardFrostBreathShout,,MAGINVShoutFrost (Skyrim.esm:10F0FC),WordDragonFire01 (Skyrim.esm:0252C3) -> VoiceFrostBreath1 (Skyrim.esm:05D172) (5s); WordDragonFire01 (Skyrim.esm:0252C3) -> VoiceFrostBreath2 (Skyrim.esm:05D173) (5s); WordDragonFire01 (Skyrim.esm:0252C3) -> VoiceFrostBreath3 (Skyrim.esm:05D174) (5s),elemental voice-power reference,extracted
Skyrim.esm,Skyrim.esm:10F730,GreybeardIceFormShout,,MAGINVShoutIce (Skyrim.esm:10F0FE),WordDragonFire01 (Skyrim.esm:0252C3) -> VoiceIceForm1 (Skyrim.esm:09CAF0) (5s); WordDragonFire01 (Skyrim.esm:0252C3) -> VoiceIceForm2 (Skyrim.esm:09CAF1) (5s); WordDragonFire01 (Skyrim.esm:0252C3) -> VoiceIceForm3 (Skyrim.esm:09CAF2) (5s),voice-power reference,extracted
Skyrim.esm,Skyrim.esm:10F732,GreybeardUnrelentingForceShout,,MAGINVUnrelentSpellArt (Skyrim.esm:0A59AC),WordDragonFire01 (Skyrim.esm:0252C3) -> VoiceUnrelentingForce1 (Skyrim.esm:013E09) (5s); WordDragonFire01 (Skyrim.esm:0252C3) -> VoiceUnrelentingForce2 (Skyrim.esm:013F39) (5s); WordDragonFire01 (Skyrim.esm:0252C3) -> VoiceUnrelentingForce3 (Skyrim.esm:013F3A) (5s),voice-power reference,extracted
Skyrim.esm,Skyrim.esm:10F731,GreybeardWhirlwindSprintShout,,MAGINVShoutSelfWhite (Skyrim.esm:10EA48),WordDragonFire01 (Skyrim.esm:0252C3) -> VoiceWhirlwindSprint1 (Skyrim.esm:02F7BE) (5s); WordDragonFire01 (Skyrim.esm:0252C3) -> VoiceWhirlwindSprint2 (Skyrim.esm:02F7BF) (5s); WordDragonFire01 (Skyrim.esm:0252C3) -> VoiceWhirlwindSprint3 (Skyrim.esm:02F7C0) (5s),voice-power reference,extracted
Skyrim.esm,Skyrim.esm:0E5F68,HowlWerewolfCallOfTheWild,Call of the Wild,MAGINVIllusionDarkt01 (Skyrim.esm:0A59AE),HowlCallOfTheWild1 (Skyrim.esm:0E5F65) -> HowlCallOfTheWildSpell1 (Skyrim.esm:0E5F6C) (0s); HowlCallOfTheWild2 (Skyrim.esm:0E5F66) -> HowlCallOfTheWildSpell2 (Skyrim.esm:0E5F6D) (0s); HowlCallOfTheWild3 (Skyrim.esm:0E5F67) -> HowlCallOfTheWildSpell3 (Skyrim.esm:0E5F6E) (0s),voice-power reference,extracted
Skyrim.esm,Skyrim.esm:0CE218,HowlWerewolfDetectLife,Scent of Blood,MAGINVIllusionDarkt01 (Skyrim.esm:0A59AE),HowlDetectLife (Skyrim.esm:0CE219) -> HowlWerewolfDetectLife1 (Skyrim.esm:0CE217) (0s);  ->  (0s);  ->  (0s),voice-power reference,extracted
Skyrim.esm,Skyrim.esm:0CF790,HowlWerewolfFear,Howl of Terror,MAGINVIllusionDarkt01 (Skyrim.esm:0A59AE),HowlFear1 (Skyrim.esm:0CF78E) -> HowlWerewolfFear1 (Skyrim.esm:0CF791) (0s);  ->  (0s);  ->  (0s),voice-power reference,extracted
Skyrim.esm,Skyrim.esm:0CF79B,HowlWerewolfSummonWolves,Howl of the Pack,MAGINVIllusionDarkt01 (Skyrim.esm:0A59AE),HowlSummonWolves1 (Skyrim.esm:0CF78F) -> HowlWerewolfSummonWolves1 (Skyrim.esm:0CF79D) (60s);  ->  (0s);  ->  (0s),voice-power reference,extracted
Skyrim.esm,Skyrim.esm:070980,IceFormShout,Ice Form,MAGINVShoutIce (Skyrim.esm:10F0FE),WordIiz (Skyrim.esm:0602A3) -> VoiceIceForm1 (Skyrim.esm:09CAF0) (60s); WordSlen (Skyrim.esm:0602A4) -> VoiceIceForm2 (Skyrim.esm:09CAF1) (90s); WordNus (Skyrim.esm:0602A5) -> VoiceIceForm3 (Skyrim.esm:09CAF2) (120s),voice-power reference,extracted
Skyrim.esm,Skyrim.esm:0E40CB,ImperialVoiceOfTheEmperor,Voice of the Emperor,MAGINVUnrelentSpellArt (Skyrim.esm:0A59AC),WordImperialVoiceOfTheEmperor (Skyrim.esm:0E40CC) -> PowerImperialPacify (Skyrim.esm:0E40CA) (1s);  ->  (0s);  ->  (0s),voice-power reference,extracted
Skyrim.esm,Skyrim.esm:07097E,KynesPeaceShout,Kyne's Peace,MAGINVShoutKynes (Skyrim.esm:10F0FF),WordKaan (Skyrim.esm:06029D) -> VoiceKynesPeace1 (Skyrim.esm:082A34) (40s); WordDrem (Skyrim.esm:06029E) -> VoiceKynesPeace2 (Skyrim.esm:082A39) (50s); WordOv (Skyrim.esm:06029F) -> VoiceKynesPeace3 (Skyrim.esm:082A3A) (60s),voice-power reference,extracted
Skyrim.esm,Skyrim.esm:10FE22,L_DragonFireBallShout,Fire Ball,MagicHatMarker (Skyrim.esm:0435A5),WordDragonFire01 (Skyrim.esm:0252C3) -> L_VoiceDragonFireBall01 (Skyrim.esm:10FE1E) (5s); WordDragonFire02 (Skyrim.esm:0252C4) -> L_VoiceDragonFireBall01 (Skyrim.esm:10FE1E) (5s); WordDragonFire03 (Skyrim.esm:0252C5) -> L_VoiceDragonFireBall01 (Skyrim.esm:10FE1E) (5s),Dragonborn/dragon shout reference,extracted
Skyrim.esm,Skyrim.esm:10FE21,L_DragonFireBreathShout,Fire Breath,MagicHatMarker (Skyrim.esm:0435A5),WordDragonFire01 (Skyrim.esm:0252C3) -> L_VoiceDragonFire01 (Skyrim.esm:10FE1D) (5s); WordDragonFire02 (Skyrim.esm:0252C4) -> L_VoiceDragonFire01 (Skyrim.esm:10FE1D) (5s); WordDragonFire03 (Skyrim.esm:0252C5) -> L_VoiceDragonFire01 (Skyrim.esm:10FE1D) (5s),Dragonborn/dragon shout reference,extracted
Skyrim.esm,Skyrim.esm:10FE23,L_DragonFrostBreathShout,Frost Breath,MagicHatMarker (Skyrim.esm:0435A5),WordDragonFire01 (Skyrim.esm:0252C3) -> L_VoiceDragonFrost01 (Skyrim.esm:10FE1F) (5s); WordDragonFire02 (Skyrim.esm:0252C4) -> L_VoiceDragonFrost01 (Skyrim.esm:10FE1F) (5s); WordDragonFire03 (Skyrim.esm:0252C5) -> L_VoiceDragonFrost01 (Skyrim.esm:10FE1F) (5s),Dragonborn/dragon shout reference,extracted
Skyrim.esm,Skyrim.esm:10FE24,L_DragonFrostIceStormShout,Ice Storm,MagicHatMarker (Skyrim.esm:0435A5),WordDragonFire01 (Skyrim.esm:0252C3) -> L_VoiceDragonFrostBall01 (Skyrim.esm:10FE20) (5s); WordDragonFire02 (Skyrim.esm:0252C4) -> L_VoiceDragonFrostBall01 (Skyrim.esm:10FE20) (5s); WordDragonFire03 (Skyrim.esm:0252C5) -> L_VoiceDragonFrostBall01 (Skyrim.esm:10FE20) (5s),Dragonborn/dragon shout reference,extracted
Skyrim.esm,Skyrim.esm:10FE1B,LShoutDragonFrostBreath,Frost Breath,MagicHatMarker (Skyrim.esm:0435A5), ->  (5s); WordDragonFire02 (Skyrim.esm:0252C4) -> VoiceDragonFrost03 (Skyrim.esm:0F80FE) (5s); WordDragonFire03 (Skyrim.esm:0252C5) -> VoiceDragonFrost03 (Skyrim.esm:0F80FE) (5s),Dragonborn/dragon shout reference,extracted
Skyrim.esm,Skyrim.esm:07097C,MarkedforDeathShout,Marked for Death,MAGINVShoutPurple (Skyrim.esm:10F0FA),WordKrii (Skyrim.esm:060297) -> VoiceMarkedforDeath1 (Skyrim.esm:01861F) (20s); WordLun (Skyrim.esm:060298) -> VoiceMarkedforDeath2 (Skyrim.esm:018627) (30s); WordAus (Skyrim.esm:060299) -> VoiceMarkedforDeath3 (Skyrim.esm:01862B) (40s),voice-power reference,extracted
Skyrim.esm,Skyrim.esm:107580,MQ101DragonUnrelentingForceShout,Dragon Unrelenting Force,MAGINVUnrelentSpellArt (Skyrim.esm:0A59AC),WordDragonFire01 (Skyrim.esm:0252C3) -> MQ101DragonVoiceUnrelentingForce (Skyrim.esm:10757E) (5s); WordDragonFire02 (Skyrim.esm:0252C4) -> MQ101DragonVoiceUnrelentingForce (Skyrim.esm:10757E) (5s); WordDragonFire03 (Skyrim.esm:0252C5) -> MQ101DragonVoiceUnrelentingForce (Skyrim.esm:10757E) (5s),Dragonborn/dragon shout reference,extracted
Skyrim.esm,Skyrim.esm:02F2DF,MQ105PhantomFormShout,Phantom Form,MagicHatMarker (Skyrim.esm:0435A5),TestWordFiik (Skyrim.esm:02F2CC) -> MQ105VoicePhantomForm3 (Skyrim.esm:02F2DE) (1s); TestWordLo (Skyrim.esm:02F2CD) -> MQ105VoicePhantomForm3 (Skyrim.esm:02F2DE) (1s); TestWordSah (Skyrim.esm:02F2CE) -> MQ105VoicePhantomForm3 (Skyrim.esm:02F2DE) (1s),voice-power reference,extracted
Skyrim.esm,Skyrim.esm:07A4C8,MQ105WhirlwindSprintShout,Whirlwind Sprint,MagicHatMarker (Skyrim.esm:0435A5),MQFakeWord (Skyrim.esm:0FF8D7) -> VoiceWhirlwindSprint1 (Skyrim.esm:02F7BE) (20s); MQFakeWord (Skyrim.esm:0FF8D7) -> VoiceWhirlwindSprint1 (Skyrim.esm:02F7BE) (20s); MQFakeWord (Skyrim.esm:0FF8D7) -> VoiceWhirlwindSprint1 (Skyrim.esm:02F7BE) (20s),voice-power reference,extracted
Skyrim.esm,Skyrim.esm:101CEC,MQ206AlduinFirestormShout,,MagicHatMarker (Skyrim.esm:0435A5),WordDragonFire01 (Skyrim.esm:0252C3) -> MQ206AlduinFirestormSpell (Skyrim.esm:10325A) (5s); WordDragonFire02 (Skyrim.esm:0252C4) -> MQ206AlduinFirestormSpell (Skyrim.esm:10325A) (5s); WordDragonFire03 (Skyrim.esm:0252C5) -> MQ206AlduinFirestormSpell (Skyrim.esm:10325A) (5s),elemental voice-power reference,extracted
Skyrim.esm,Skyrim.esm:0FF8D8,MQAlduinResurrectShout,ResurrectionShout,MAGINVUnrelentSpellArt (Skyrim.esm:0A59AC),MQFakeWord (Skyrim.esm:0FF8D7) -> MQAlduinVoiceResurrect (Skyrim.esm:0FF8DA) (0s); MQFakeWord (Skyrim.esm:0FF8D7) -> MQAlduinVoiceResurrect (Skyrim.esm:0FF8DA) (0s); MQFakeWord (Skyrim.esm:0FF8D7) -> MQAlduinVoiceResurrect (Skyrim.esm:0FF8DA) (0s),voice-power reference,extracted
Skyrim.esm,Skyrim.esm:0549B1,MQDragonIceSpikeVolleyShout,Ice Spike (for DRAGONS only),MagicHatMarker (Skyrim.esm:0435A5),WordDragonFire01 (Skyrim.esm:0252C3) ->  (0s); WordDragonFire02 (Skyrim.esm:0252C4) ->  (0s); WordDragonFire03 (Skyrim.esm:0252C5) ->  (0s),Dragonborn/dragon shout reference,extracted
Skyrim.esm,Skyrim.esm:0E40C4,NordBattleCry,Battle Cry,MAGINVShoutSelfWhite (Skyrim.esm:10EA48),WordNordBattleCry (Skyrim.esm:0E40C5) ->  (1s);  ->  (0s);  ->  (0s),voice-power reference,extracted
Skyrim.esm,Skyrim.esm:048AC9,SlowTimeShout,Slow Time,MAGINVShoutSlowTime (Skyrim.esm:10F0FD),WordTiid (Skyrim.esm:048ACA) -> VoiceSlowTime1 (Skyrim.esm:048AD0) (30s); WordKlo (Skyrim.esm:048ACB) -> VoiceSlowTime2 (Skyrim.esm:048AD1) (45s); WordUl (Skyrim.esm:048ACC) -> VoiceSlowTime3 (Skyrim.esm:048AD2) (60s),voice-power reference,extracted
Skyrim.esm,Skyrim.esm:07097D,StormCallShout,Storm Call,MAGINVShoutSelfWhite (Skyrim.esm:10EA48),WordStrun (Skyrim.esm:06029A) -> VoiceStormCall1 (Skyrim.esm:018609) (300s); WordBah (Skyrim.esm:06029B) -> VoiceStormCall2 (Skyrim.esm:01860A) (480s); WordQo (Skyrim.esm:06029C) -> VoiceStormCall3 (Skyrim.esm:01860D) (600s),elemental voice-power reference,extracted
Skyrim.esm,Skyrim.esm:07097F,ThrowVoiceShout,Throw Voice,MAGINVShoutSelfWhite (Skyrim.esm:10EA48),WordZul (Skyrim.esm:0602A0) -> VoiceThrowVoice (Skyrim.esm:07430F) (30s); WordMey (Skyrim.esm:0602A1) -> VoiceThrowVoice (Skyrim.esm:07430F) (15s); WordGut (Skyrim.esm:0602A2) -> VoiceThrowVoice (Skyrim.esm:07430F) (5s),voice-power reference,extracted
Skyrim.esm,Skyrim.esm:013E07,UnrelentingForceShout,Unrelenting Force,MAGINVUnrelentSpellArt (Skyrim.esm:0A59AC),WordFus (Skyrim.esm:013E22) -> VoiceUnrelentingForce1 (Skyrim.esm:013E09) (15s); WordRo (Skyrim.esm:013E23) -> VoiceUnrelentingForce2 (Skyrim.esm:013F39) (20s); WordDah (Skyrim.esm:013E24) -> VoiceUnrelentingForce3 (Skyrim.esm:013F3A) (45s),voice-power reference,extracted
Skyrim.esm,Skyrim.esm:09DE93,UnrelentingForceShoutDraugr,Unrelenting Force,MAGINVUnrelentSpellArt (Skyrim.esm:0A59AC),WordDragonFire01 (Skyrim.esm:0252C3) -> VoiceUnrelentingForce1 (Skyrim.esm:013E09) (15s); WordDragonFire02 (Skyrim.esm:0252C4) -> VoiceUnrelentingForce2 (Skyrim.esm:013F39) (15s); WordDragonFire03 (Skyrim.esm:0252C5) -> VoiceUnrelentingForce2 (Skyrim.esm:013F39) (15s),voice-power reference,extracted
Skyrim.esm,Skyrim.esm:02F7BA,WhirlwindSprintShout,Whirlwind Sprint,MAGINVShoutSelfWhite (Skyrim.esm:10EA48),WordWuld (Skyrim.esm:02F7BB) -> VoiceWhirlwindSprint1 (Skyrim.esm:02F7BE) (20s); WordNah (Skyrim.esm:02F7BC) -> VoiceWhirlwindSprint2 (Skyrim.esm:02F7BF) (25s); WordKest (Skyrim.esm:02F7BD) -> VoiceWhirlwindSprint3 (Skyrim.esm:02F7C0) (35s),voice-power reference,extracted
Skyrim.esm,Skyrim.esm:0E40D1,WoodElfBeastTongue,Beast Tongue,MAGINVUnrelentSpellArt (Skyrim.esm:0A59AC),WordWoodElfBeastTongue (Skyrim.esm:0E40D2) -> PowerWoodElfCommandAnimal (Skyrim.esm:0E40CF) (1s);  ->  (0s);  ->  (0s),voice-power reference,extracted
