plugin,formid,editor_id,name,keywords,flags,actor_effects,modding_use,validation
Dawnguard.esm,Skyrim.esm:08883C,BretonRaceVampire,,ActorTypeNPC (Skyrim.esm:013794); Vampire (Skyrim.esm:0A82BB); ActorTypeUndead (Skyrim.esm:013796),"FaceGenHead, Swims, Walks, NoCombatInWater, UsesHeadTrackAnims, AllowPcDialog, AllowPickpocket, OverlayHeadPartList, CanPickupItems, CanDualWield, UseAdvancedAvoidance",,origin normalization / vampire curse overlay,extracted
Dawnguard.esm,Skyrim.esm:08883D,DarkElfRaceVampire,,ActorTypeNPC (Skyrim.esm:013794); Vampire (Skyrim.esm:0A82BB); ActorTypeUndead (Skyrim.esm:013796),"FaceGenHead, Swims, Walks, NoCombatInWater, UsesHeadTrackAnims, AllowPcDialog, AllowPickpocket, OverlayHeadPartList, CanPickupItems, CanDualWield",,origin normalization / vampire curse overlay,extracted
Dawnguard.esm,Dawnguard.esm:00A94B,DLC01SoulCairnBonemanRace,,ActorTypeCreature (Skyrim.esm:013795); ActorTypeUndead (Skyrim.esm:013796); MagicNoReanimate (Skyrim.esm:06F6FB); ImmuneParalysis (Skyrim.esm:0F23C5),"Walks, NoCombatInWater, UsesHeadTrackAnims, NoKnockdowns, DontShowWeaponBlood, CanPickupItems, CanDualWield, UseAdvancedAvoidance",,race reference,extracted
Dawnguard.esm,Dawnguard.esm:015136,DLC1_BF_ChaurusRace,,ActorTypeAnimal (Skyrim.esm:013798); ActorTypeCreature (Skyrim.esm:013795),"TiltFrontBack, TiltLeftRight, Walks, NoCombatInWater, DontShowBloodDecal, SpellsAlignWithMagicNode, CantOpenDoors, DontShowWeaponBlood",,race reference,extracted
Dawnguard.esm,Dawnguard.esm:019FD3,DLC1BlackSkeletonRace,,ActorTypeCreature (Skyrim.esm:013795); ActorTypeUndead (Skyrim.esm:013796); MagicNoReanimate (Skyrim.esm:06F6FB); ImmuneParalysis (Skyrim.esm:0F23C5); UpdateDuringArchery (Skyrim.esm:10C443),"Walks, NoCombatInWater, UsesHeadTrackAnims, NoKnockdowns, DontShowWeaponBlood, CanPickupItems, CanDualWield, UseAdvancedAvoidance",,race reference,extracted
Dawnguard.esm,Dawnguard.esm:0051FB,DLC1ChaurusHunterRace,,ActorTypeAnimal (Skyrim.esm:013798); ActorTypeCreature (Skyrim.esm:013795); ImmuneParalysis (Skyrim.esm:0F23C5),"TiltFrontBack, TiltLeftRight, Walks, NoCombatInWater, DontShowBloodDecal, SpellsAlignWithMagicNode, CantOpenDoors, DontShowWeaponBlood",,race reference,extracted
Dawnguard.esm,Dawnguard.esm:003D02,DLC1DeathHoundCompanionRace,,ActorTypeCreature (Skyrim.esm:013795); ActorTypeUndead (Skyrim.esm:013796),"TiltFrontBack, Swims, Walks, NoCombatInWater, UsesHeadTrackAnims, AllowPcDialog",,race reference,extracted
Dawnguard.esm,Dawnguard.esm:00C5F0,DLC1DeathHoundRace,,ActorTypeCreature (Skyrim.esm:013795); ActorTypeUndead (Skyrim.esm:013796),"TiltFrontBack, Swims, Walks, NoCombatInWater, CantOpenDoors, AllowPcDialog",,race reference,extracted
Dawnguard.esm,Dawnguard.esm:00D0B2,DLC1DeerGlowRace,,ActorTypeAnimal (Skyrim.esm:013798); ActorTypeCreature (Skyrim.esm:013795),"TiltFrontBack, Swims, Walks, NoCombatInWater, UsesHeadTrackAnims, CantOpenDoors, NonHostile",,race reference,extracted
Dawnguard.esm,Dawnguard.esm:00A2C6,DLC1GargoyleRace,,ActorTypeCreature (Skyrim.esm:013795); ImmuneParalysis (Skyrim.esm:0F23C5),"Swims, Walks, NoCombatInWater, UsesHeadTrackAnims, RegenHpInCombat, OverrideHeadPartList, UseAdvancedAvoidance",,race reference,extracted
Dawnguard.esm,Dawnguard.esm:010D00,DLC1GargoyleVariantBossRace,,ActorTypeCreature (Skyrim.esm:013795); ImmuneParalysis (Skyrim.esm:0F23C5),"Swims, Walks, NoCombatInWater, UsesHeadTrackAnims, RegenHpInCombat, OverrideHeadPartList, UseAdvancedAvoidance",,race reference,extracted
Dawnguard.esm,Dawnguard.esm:019D86,DLC1GargoyleVariantGreenRace,,ActorTypeCreature (Skyrim.esm:013795); ImmuneParalysis (Skyrim.esm:0F23C5),"Swims, Walks, NoCombatInWater, UsesHeadTrackAnims, RegenHpInCombat, OverrideHeadPartList, UseAdvancedAvoidance",,race reference,extracted
Dawnguard.esm,Dawnguard.esm:003D01,DLC1HuskyArmoredCompanionRace,,ActorTypeAnimal (Skyrim.esm:013798); ActorTypeCreature (Skyrim.esm:013795),"TiltFrontBack, Swims, Walks, NoCombatInWater, UsesHeadTrackAnims, AllowPcDialog",,race reference,extracted
Dawnguard.esm,Dawnguard.esm:018B33,DLC1HuskyArmoredRace,,ActorTypeAnimal (Skyrim.esm:013798); ActorTypeCreature (Skyrim.esm:013795),"TiltFrontBack, Swims, Walks, NoCombatInWater, UsesHeadTrackAnims, CantOpenDoors, AllowPcDialog",,race reference,extracted
Dawnguard.esm,Dawnguard.esm:0122B7,DLC1HuskyBareCompanionRace,,ActorTypeAnimal (Skyrim.esm:013798); ActorTypeCreature (Skyrim.esm:013795),"TiltFrontBack, Swims, Walks, NoCombatInWater, UsesHeadTrackAnims, AllowPcDialog",,race reference,extracted
Dawnguard.esm,Dawnguard.esm:018B36,DLC1HuskyBareRace,,ActorTypeAnimal (Skyrim.esm:013798); ActorTypeCreature (Skyrim.esm:013795),"TiltFrontBack, Swims, Walks, NoCombatInWater, UsesHeadTrackAnims, CantOpenDoors, AllowPcDialog",,race reference,extracted
Dawnguard.esm,Dawnguard.esm:015C34,DLC1LD_ForgemasterRace,,ActorTypeDwarven (Skyrim.esm:01397A); MagicNoReanimate (Skyrim.esm:06F6FB); ImmuneParalysis (Skyrim.esm:0F23C5); NoSoulTrap (Skyrim.esm:103AD2),"Walks, NotPunishable, NoCombatInWater, DontShowBloodDecal, CantOpenDoors, NoKnockdowns, DontShowWeaponBlood, UseAdvancedAvoidance",,race reference,extracted
Dawnguard.esm,Dawnguard.esm:00E88A,DLC1NordRace,,ActorTypeNPC (Skyrim.esm:013794),"FaceGenHead, Swims, Walks, NoCombatInWater, UsesHeadTrackAnims, AllowPcDialog, AllowPickpocket, CanPickupItems, CanDualWield, UseAdvancedAvoidance",,playable-origin race,extracted
Dawnguard.esm,Dawnguard.esm:00D0B6,DLC1SabreCatGlowRace,,ActorTypeAnimal (Skyrim.esm:013798); ActorTypeCreature (Skyrim.esm:013795),"TiltFrontBack, Swims, Walks, NoCombatInWater, UsesHeadTrackAnims",,race reference,extracted
Dawnguard.esm,Dawnguard.esm:007AF3,DLC1SoulCairnKeeperRace,,ActorTypeCreature (Skyrim.esm:013795); ActorTypeUndead (Skyrim.esm:013796); UpdateDuringArchery (Skyrim.esm:10C443),"Walks, NoCombatInWater, UsesHeadTrackAnims, DontShowWeaponBlood, CanPickupItems, UseAdvancedAvoidance",,race reference,extracted
Dawnguard.esm,Dawnguard.esm:00894D,DLC1SoulCairnSkeletonArmorRace,,ActorTypeCreature (Skyrim.esm:013795); ActorTypeUndead (Skyrim.esm:013796); UpdateDuringArchery (Skyrim.esm:10C443); ImmuneParalysis (Skyrim.esm:0F23C5),"Walks, NoCombatInWater, UsesHeadTrackAnims, DontShowWeaponBlood, CanPickupItems, UseAdvancedAvoidance",,race reference,extracted
Dawnguard.esm,Dawnguard.esm:006AFA,DLC1SoulCairnSkeletonNecroRace,,ActorTypeCreature (Skyrim.esm:013795); ActorTypeUndead (Skyrim.esm:013796); ImmuneParalysis (Skyrim.esm:0F23C5),"Walks, NoCombatInWater, DontShowBloodSpray, DontShowBloodDecal, UsesHeadTrackAnims, NoKnockdowns, DontShowWeaponBlood, CanPickupItems, UseAdvancedAvoidance",,race reference,extracted
Dawnguard.esm,Dawnguard.esm:002AE0,DLC1SoulCairnSoulWispRace,,RaceUseGeometryEmitterForParticles (Skyrim.esm:0FCD57); MagicNoReanimate (Skyrim.esm:06F6FB); ImmuneParalysis (Skyrim.esm:0F23C5); ActorTypeUndead (Skyrim.esm:013796),"Walks, NoCombatInWater, DontShowBloodDecal, AllowRagdollCollision, CantOpenDoors, NoKnockdowns, DontShowWeaponBlood",,race reference,extracted
Dawnguard.esm,Dawnguard.esm:0117F4,DLC1TrollFrostRaceArmored,,ActorTypeAnimal (Skyrim.esm:013798); ActorTypeCreature (Skyrim.esm:013795); ActorTypeTroll (Skyrim.esm:0F5D16),"Walks, NoCombatInWater, RegenHpInCombat, AllowPcDialog, UseAdvancedAvoidance",,race reference,extracted
Dawnguard.esm,Dawnguard.esm:0117F5,DLC1TrollRaceArmored,,ActorTypeAnimal (Skyrim.esm:013798); ActorTypeCreature (Skyrim.esm:013795); ActorTypeTroll (Skyrim.esm:0F5D16),"Walks, NoCombatInWater, RegenHpInCombat, AllowPcDialog, UseAdvancedAvoidance",,race reference,extracted
Dawnguard.esm,Dawnguard.esm:0117DE,DLC1UndeadDragonRace,,ActorTypeCreature (Skyrim.esm:013795); ActorTypeDragon (Skyrim.esm:035D59); MagicNoReanimate (Skyrim.esm:06F6FB); ImmuneParalysis (Skyrim.esm:0F23C5); NoSoulTrap (Skyrim.esm:103AD2),"Flies, Walks, NotPunishable, NoCombatInWater, UsesHeadTrackAnims, SpellsAlignWithMagicNode, AllowRagdollCollision, CantOpenDoors, AlwaysUseProxyController",,race reference,extracted
Dawnguard.esm,Dawnguard.esm:00283A,DLC1VampireBeastRace,,Vampire (Skyrim.esm:0A82BB); ImmuneParalysis (Skyrim.esm:0F23C5); ActorTypeUndead (Skyrim.esm:013796),"Swims, Walks, NoCombatInWater, UsesHeadTrackAnims, RegenHpInCombat, AllowPcDialog, NoKnockdowns, OverrideHeadPartList, CanDualWield, UseAdvancedAvoidance",,origin normalization / vampire curse overlay,extracted
Dawnguard.esm,Dawnguard.esm:01AACC,FalmerFrozenVampRace,,ActorTypeCreature (Skyrim.esm:013795); UpdateDuringArchery (Skyrim.esm:10C443),"Swims, Walks, NoCombatInWater, UsesHeadTrackAnims, CanPickupItems",,race reference,extracted
Dawnguard.esm,Skyrim.esm:0131F4,FalmerRace,,ActorTypeCreature (Skyrim.esm:013795); UpdateDuringArchery (Skyrim.esm:10C443),"Swims, Walks, NoCombatInWater, UsesHeadTrackAnims, CanPickupItems",,race reference,extracted
Dawnguard.esm,Skyrim.esm:088840,HighElfRaceVampire,,ActorTypeNPC (Skyrim.esm:013794); Vampire (Skyrim.esm:0A82BB); ActorTypeUndead (Skyrim.esm:013796),"FaceGenHead, Swims, Walks, NoCombatInWater, AllowPcDialog, AllowPickpocket, OverlayHeadPartList, CanPickupItems, CanDualWield, UseAdvancedAvoidance",,origin normalization / vampire curse overlay,extracted
Dawnguard.esm,Skyrim.esm:088844,ImperialRaceVampire,,ActorTypeNPC (Skyrim.esm:013794); Vampire (Skyrim.esm:0A82BB); ActorTypeUndead (Skyrim.esm:013796),"FaceGenHead, Swims, Walks, NoCombatInWater, UsesHeadTrackAnims, AllowPcDialog, AllowPickpocket, OverlayHeadPartList, CanPickupItems, CanDualWield, UseAdvancedAvoidance",,origin normalization / vampire curse overlay,extracted
Dawnguard.esm,Skyrim.esm:088845,KhajiitRaceVampire,,ActorTypeNPC (Skyrim.esm:013794); Vampire (Skyrim.esm:0A82BB); IsBeastRace (Skyrim.esm:0D61D1); ActorTypeUndead (Skyrim.esm:013796),"FaceGenHead, Swims, Walks, NoCombatInWater, UsesHeadTrackAnims, AllowPcDialog, AllowPickpocket, OverlayHeadPartList, CanPickupItems, CanDualWield, UseAdvancedAvoidance",,origin normalization / vampire curse overlay,extracted
Dawnguard.esm,Skyrim.esm:088794,NordRaceVampire,,ActorTypeNPC (Skyrim.esm:013794); Vampire (Skyrim.esm:0A82BB); ActorTypeUndead (Skyrim.esm:013796),"FaceGenHead, Swims, Walks, NoCombatInWater, UsesHeadTrackAnims, AllowPcDialog, AllowPickpocket, OverlayHeadPartList, CanPickupItems, CanDualWield, UseAdvancedAvoidance",,origin normalization / vampire curse overlay,extracted
Dawnguard.esm,Skyrim.esm:0A82B9,OrcRaceVampire,,ActorTypeNPC (Skyrim.esm:013794); Vampire (Skyrim.esm:0A82BB); ActorTypeUndead (Skyrim.esm:013796),"FaceGenHead, Swims, Walks, NoCombatInWater, UsesHeadTrackAnims, AllowPcDialog, AllowPickpocket, OverlayHeadPartList, CanPickupItems, CanDualWield, UseAdvancedAvoidance",,origin normalization / vampire curse overlay,extracted
Dawnguard.esm,Skyrim.esm:088846,RedguardRaceVampire,,ActorTypeNPC (Skyrim.esm:013794); Vampire (Skyrim.esm:0A82BB); ActorTypeUndead (Skyrim.esm:013796),"FaceGenHead, Swims, Walks, NoCombatInWater, UsesHeadTrackAnims, AllowPcDialog, AllowPickpocket, OverlayHeadPartList, CanPickupItems, CanDualWield, UseAdvancedAvoidance",,origin normalization / vampire curse overlay,extracted
Dawnguard.esm,Dawnguard.esm:0023E2,SkeletonArmorRace,,ActorTypeCreature (Skyrim.esm:013795); ActorTypeUndead (Skyrim.esm:013796); UpdateDuringArchery (Skyrim.esm:10C443),"Walks, NoCombatInWater, UsesHeadTrackAnims, DontShowWeaponBlood, CanPickupItems, UseAdvancedAvoidance",,race reference,extracted
Dawnguard.esm,Skyrim.esm:0EB872,SkeletonNecroRace,,ActorTypeCreature (Skyrim.esm:013795); ActorTypeUndead (Skyrim.esm:013796),"Walks, NoCombatInWater, DontShowBloodSpray, DontShowBloodDecal, UsesHeadTrackAnims, NoKnockdowns, DontShowWeaponBlood, CanPickupItems, UseAdvancedAvoidance",,race reference,extracted
Dawnguard.esm,Dawnguard.esm:00377D,SnowElfRace,,ActorTypeNPC (Skyrim.esm:013794),"FaceGenHead, Swims, Walks, NoCombatInWater, UsesHeadTrackAnims, AllowPcDialog, AllowPickpocket, CanPickupItems, CanDualWield, UseAdvancedAvoidance",,race reference,extracted
Dawnguard.esm,Dawnguard.esm:013B77,SprigganEarthMotherRace,,ActorTypeCreature (Skyrim.esm:013795); MagicNoInvisibility (Skyrim.esm:0FFEA0); DLC1WerewolfFeedExclude (Dawnguard.esm:015FD3),"Walks, NoCombatInWater, DontShowBloodDecal, UsesHeadTrackAnims, DontShowWeaponBlood, UseAdvancedAvoidance",,race reference,extracted
Dawnguard.esm,Skyrim.esm:0F3903,SprigganMatronRace,,ActorTypeCreature (Skyrim.esm:013795); MagicNoInvisibility (Skyrim.esm:0FFEA0); DLC1WerewolfFeedExclude (Dawnguard.esm:015FD3),"Walks, NoCombatInWater, DontShowBloodDecal, UsesHeadTrackAnims, DontShowWeaponBlood, UseAdvancedAvoidance",,race reference,extracted
Dawnguard.esm,Skyrim.esm:013204,SprigganRace,,ActorTypeCreature (Skyrim.esm:013795); MagicNoInvisibility (Skyrim.esm:0FFEA0); DLC1WerewolfFeedExclude (Dawnguard.esm:015FD3),"Walks, NoCombatInWater, DontShowBloodDecal, UsesHeadTrackAnims, DontShowWeaponBlood, UseAdvancedAvoidance",,race reference,extracted
Dawnguard.esm,Skyrim.esm:09AA44,SprigganSwarmRace,,ActorTypeCreature (Skyrim.esm:013795); MagicNoReanimate (Skyrim.esm:06F6FB); DLC1WerewolfFeedExclude (Dawnguard.esm:015FD3),"Walks, NoCombatInWater, DontShowBloodDecal, AllowRagdollCollision, DontShowWeaponBlood",,race reference,extracted
Dawnguard.esm,Dawnguard.esm:00483B,testDraugrRace,,ActorTypeCreature (Skyrim.esm:013795); ActorTypeUndead (Skyrim.esm:013796); UpdateDuringArchery (Skyrim.esm:10C443),"Walks, NoCombatInWater, UsesHeadTrackAnims, DontShowWeaponBlood, CanPickupItems, UseAdvancedAvoidance",,race reference,extracted
Dawnguard.esm,Dawnguard.esm:004D31,TestRace,,ActorTypeNPC (Skyrim.esm:013794),"FaceGenHead, Swims, Walks, NoCombatInWater, UsesHeadTrackAnims, AllowPcDialog, AllowPickpocket, CanPickupItems, CanDualWield, UseAdvancedAvoidance",,race reference,extracted
Dawnguard.esm,Skyrim.esm:0CDD84,WerewolfBeastRace,,ActorTypeCreature (Skyrim.esm:013795); ImmuneParalysis (Skyrim.esm:0F23C5); MagicNoReanimate (Skyrim.esm:06F6FB),"Swims, Walks, NoCombatInWater, UsesHeadTrackAnims, RegenHpInCombat, AllowPcDialog, OverrideHeadPartList, UseAdvancedAvoidance",,temporary beast-form / curse overlay,extracted
Dawnguard.esm,Skyrim.esm:088884,WoodElfRaceVampire,,ActorTypeNPC (Skyrim.esm:013794); Vampire (Skyrim.esm:0A82BB); ActorTypeUndead (Skyrim.esm:013796),"FaceGenHead, Swims, Walks, NoCombatInWater, UsesHeadTrackAnims, AllowPcDialog, AllowPickpocket, OverlayHeadPartList, CanPickupItems, CanDualWield, UseAdvancedAvoidance",,origin normalization / vampire curse overlay,extracted
Dragonborn.esm,Skyrim.esm:0E7713,AlduinRace,,ActorTypeCreature (Skyrim.esm:013795); ActorTypeDragon (Skyrim.esm:035D59); MagicNoReanimate (Skyrim.esm:06F6FB); ImmuneParalysis (Skyrim.esm:0F23C5); NoSoulTrap (Skyrim.esm:103AD2),"Flies, Walks, NotPunishable, NoCombatInWater, UsesHeadTrackAnims, SpellsAlignWithMagicNode, AllowRagdollCollision, CantOpenDoors, AlwaysUseProxyController",,race reference,extracted
Dragonborn.esm,Dragonborn.esm:03911A,DLC2AcolyteDragonPriestRace,,ActorTypeCreature (Skyrim.esm:013795); ActorTypeUndead (Skyrim.esm:013796); ImmuneParalysis (Skyrim.esm:0F23C5),"Walks, NoCombatInWater, UsesHeadTrackAnims, NoKnockdowns, DontShowWeaponBlood, UseAdvancedAvoidance",,race reference,extracted
Dragonborn.esm,Dragonborn.esm:027BFC,dlc2AshGuardianRace,,ActorTypeCreature (Skyrim.esm:013795); ActorTypeDaedra (Skyrim.esm:013797); MagicNoReanimate (Skyrim.esm:06F6FB); ImmuneParalysis (Skyrim.esm:0F23C5); MagicNoInvisibility (Skyrim.esm:0FFEA0),"Walks, NoCombatInWater, DontShowBloodDecal, NoKnockdowns, DontShowWeaponBlood, UseAdvancedAvoidance",,race reference,extracted
Dragonborn.esm,Dragonborn.esm:01B658,DLC2AshHopperRace,,ActorTypeAnimal (Skyrim.esm:013798); ActorTypeCreature (Skyrim.esm:013795); ImmuneParalysis (Skyrim.esm:0F23C5); MagicNoReanimate (Skyrim.esm:06F6FB),"TiltFrontBack, TiltLeftRight, Walks, NoCombatInWater, UsesHeadTrackAnims, SpellsAlignWithMagicNode, CantOpenDoors",,race reference,extracted
Dragonborn.esm,Dragonborn.esm:01B637,DLC2AshSpawnRace,,DLC2AshSpawnKeyword (Dragonborn.esm:028FDE); UpdateDuringArchery (Skyrim.esm:10C443); ActorTypeDwarven (Skyrim.esm:01397A),"Walks, NoCombatInWater, UsesHeadTrackAnims, DontShowWeaponBlood, CanPickupItems, UseAdvancedAvoidance",,race reference,extracted
Dragonborn.esm,Dragonborn.esm:024038,DLC2BoarRace,,ActorTypeCreature (Skyrim.esm:013795); ActorTypeAnimal (Skyrim.esm:013798),"TiltFrontBack, Walks, NoCombatInWater, UsesHeadTrackAnims",,race reference,extracted
Dragonborn.esm,Dragonborn.esm:02C88C,DLC2DragonBlackRace,,ActorTypeCreature (Skyrim.esm:013795); ActorTypeDragon (Skyrim.esm:035D59); MagicNoReanimate (Skyrim.esm:06F6FB); ImmuneParalysis (Skyrim.esm:0F23C5); NoSoulTrap (Skyrim.esm:103AD2),"Flies, Walks, NotPunishable, NoCombatInWater, UsesHeadTrackAnims, SpellsAlignWithMagicNode, AllowRagdollCollision, CantOpenDoors, AlwaysUseProxyController, AllowMountedCombat",,race reference,extracted
Dragonborn.esm,Dragonborn.esm:035538,DLC2DremoraRace,,ActorTypeDaedra (Skyrim.esm:013797); ActorTypeNPC (Skyrim.esm:013794),"FaceGenHead, Swims, Walks, NoCombatInWater, AllowPcDialog, CanPickupItems",,race reference,extracted
Dragonborn.esm,Dragonborn.esm:029EFC,DLC2dunInstrumentsRace,,ActorTypeCreature (Skyrim.esm:013795); MagicNoReanimate (Skyrim.esm:06F6FB); ImmuneParalysis (Skyrim.esm:0F23C5); RaceUseGeometryEmitterForParticles (Skyrim.esm:0FCD57),"NoShadow, Walks, NoCombatInWater, DontShowBloodDecal, NoKnockdowns, DontShowWeaponBlood",,race reference,extracted
Dragonborn.esm,Dragonborn.esm:029EE7,DLC2dunKarstaagIceWraithRace,,ActorTypeCreature (Skyrim.esm:013795); MagicNoReanimate (Skyrim.esm:06F6FB); ImmuneParalysis (Skyrim.esm:0F23C5); MagicNoInvisibility (Skyrim.esm:0FFEA0),"NoShadow, Walks, NoCombatInWater, DontShowBloodDecal, AllowRagdollCollision, CantOpenDoors, NoKnockdowns, DontShowWeaponBlood",,race reference,extracted
Dragonborn.esm,Dragonborn.esm:02B014,DLC2DwarvenBallistaRace,,ActorTypeDwarven (Skyrim.esm:01397A); MagicNoReanimate (Skyrim.esm:06F6FB); ImmuneParalysis (Skyrim.esm:0F23C5); NoSoulTrap (Skyrim.esm:103AD2),"Walks, NoCombatInWater, DontShowBloodDecal, NoKnockdowns, DontShowWeaponBlood, UseAdvancedAvoidance",,race reference,extracted
Dragonborn.esm,Dragonborn.esm:014449,DLC2ExpSpiderBaseRace,,ActorTypeAnimal (Skyrim.esm:013798); ActorTypeCreature (Skyrim.esm:013795); NoSoulTrap (Skyrim.esm:103AD2),"TiltFrontBack, TiltLeftRight, Walks, NoCombatInWater, DontShowBloodDecal, SpellsAlignWithMagicNode, DontShowWeaponBlood, UseAdvancedAvoidance",,race reference,extracted
Dragonborn.esm,Dragonborn.esm:027483,DLC2ExpSpiderPackmuleRace,,ActorTypeAnimal (Skyrim.esm:013798); ActorTypeCreature (Skyrim.esm:013795); NoSoulTrap (Skyrim.esm:103AD2),"TiltFrontBack, TiltLeftRight, Walks, NoCombatInWater, DontShowBloodDecal, SpellsAlignWithMagicNode, AllowPcDialog, AllowPickpocket, DontShowWeaponBlood, UseAdvancedAvoidance, NonHostile",,race reference,extracted
Dragonborn.esm,Dragonborn.esm:03C35F,DLC2FakeCoffinRace,,,"TiltFrontBack, Walks, NoCombatInWater, UsesHeadTrackAnims",,race reference,extracted
Dragonborn.esm,Dragonborn.esm:01CAD8,DLC2GhostFrostGiantRace,,ActorTypeCreature (Skyrim.esm:013795),"NoShadow, Walks, NotPunishable, NoCombatInWater, DontShowBloodSpray, DontShowBloodDecal, UsesHeadTrackAnims, CantOpenDoors, DontShowWeaponBlood, AvoidsRoads, UseAdvancedAvoidance",,race reference,extracted
Dragonborn.esm,Dragonborn.esm:02A6FD,DLC2HulkingDraugrRace,,ActorTypeCreature (Skyrim.esm:013795); ActorTypeUndead (Skyrim.esm:013796); UpdateDuringArchery (Skyrim.esm:10C443),"Walks, NoCombatInWater, UsesHeadTrackAnims, DontShowWeaponBlood, CanPickupItems, UseAdvancedAvoidance",,race reference,extracted
Dragonborn.esm,Dragonborn.esm:014495,DLC2LurkerRace,,ActorTypeCreature (Skyrim.esm:013795),"Walks, NoCombatInWater, UsesHeadTrackAnims, RegenHpInCombat, CantOpenDoors, AvoidsRoads, UseAdvancedAvoidance",,race reference,extracted
Dragonborn.esm,Dragonborn.esm:03CA97,DLC2MiraakRace,,DLC2ActorTypeMiraak (Dragonborn.esm:03CA98),"FaceGenHead, Swims, Walks, NotPunishable, NoCombatInWater, UsesHeadTrackAnims, AllowPcDialog, NoKnockdowns, CanPickupItems, CanDualWield, UseAdvancedAvoidance",,race reference,extracted
Dragonborn.esm,Dragonborn.esm:0179CF,DLC2MountedRieklingRace,,ImmuneParalysis (Skyrim.esm:0F23C5); MagicNoReanimate (Skyrim.esm:06F6FB); DLC2RieklingMountedKeyword (Dragonborn.esm:03A159),"TiltFrontBack, Walks, NoCombatInWater, UsesHeadTrackAnims, CantOpenDoors, NoKnockdowns, CanPickupItems",,race reference,extracted
Dragonborn.esm,Dragonborn.esm:01B647,DLC2MudcrabSolstheimRace,,ActorTypeAnimal (Skyrim.esm:013798); ActorTypeCreature (Skyrim.esm:013795),"TiltFrontBack, TiltLeftRight, Swims, Walks, CantOpenDoors, UseAdvancedAvoidance",,race reference,extracted
Dragonborn.esm,Dragonborn.esm:028580,DLC2NetchCalfRace,,ActorTypeAnimal (Skyrim.esm:013798),"Walks, NoCombatInWater",,race reference,extracted
Dragonborn.esm,Dragonborn.esm:01FEB8,DLC2NetchRace,,ActorTypeAnimal (Skyrim.esm:013798); DLC2NetchKeyword (Dragonborn.esm:03A157),"Walks, NoCombatInWater",,race reference,extracted
Dragonborn.esm,Dragonborn.esm:017F44,DLC2RieklingRace,,ActorTypeCreature (Skyrim.esm:013795); DLC2RieklingKeyword (Dragonborn.esm:03A158),"Walks, NoCombatInWater, UsesHeadTrackAnims, AllowPcDialog, UseAdvancedAvoidance",,race reference,extracted
Dragonborn.esm,Dragonborn.esm:03CECB,DLC2RigidSkeletonRace,,,"Walks, NoCombatInWater, DontShowBloodDecal, UsesHeadTrackAnims, DontShowWeaponBlood, CanPickupItems, UseAdvancedAvoidance",,race reference,extracted
Dragonborn.esm,Dragonborn.esm:01DCB9,DLC2SeekerRace,,ActorTypeDaedra (Skyrim.esm:013797); ImmuneParalysis (Skyrim.esm:0F23C5),"Walks, NoCombatInWater, RegenHpInCombat, NoKnockdowns, DontShowWeaponBlood, UseAdvancedAvoidance",,race reference,extracted
Dragonborn.esm,Dragonborn.esm:01F98F,dlc2SpectralDragonRace,,MagicNoInvisibility (Skyrim.esm:0FFEA0); MagicNoReanimate (Skyrim.esm:06F6FB); ImmuneParalysis (Skyrim.esm:0F23C5); ActorTypeDaedra (Skyrim.esm:013797),"NoShadow, Walks, NoCombatInWater, DontShowBloodSpray, DontShowBloodDecal, AllowRagdollCollision, RegenHpInCombat, CantOpenDoors, NoKnockdowns, DontShowWeaponBlood",,race reference,extracted
Dragonborn.esm,Dragonborn.esm:01B644,DLC2SprigganBurntRace,,ActorTypeCreature (Skyrim.esm:013795); MagicNoInvisibility (Skyrim.esm:0FFEA0),"Walks, NoCombatInWater, DontShowBloodDecal, UsesHeadTrackAnims, DontShowWeaponBlood, UseAdvancedAvoidance",,race reference,extracted
Dragonborn.esm,Dragonborn.esm:01A50A,DLC2ThirskRieklingRace,,ActorTypeCreature (Skyrim.esm:013795),"Walks, NoCombatInWater, AllowPcDialog, UseAdvancedAvoidance",,race reference,extracted
Dragonborn.esm,Dragonborn.esm:01E17B,DLC2WerebearBeastRace,,ActorTypeCreature (Skyrim.esm:013795); ImmuneParalysis (Skyrim.esm:0F23C5); DLC2WerebearKeyword (Dragonborn.esm:034FB7),"Swims, Walks, NoCombatInWater, UsesHeadTrackAnims, OverrideHeadPartList, UseAdvancedAvoidance",,temporary beast-form / curse overlay,extracted
Dragonborn.esm,Dragonborn.esm:02C88B,DragonBlackRace,,ActorTypeCreature (Skyrim.esm:013795); ActorTypeDragon (Skyrim.esm:035D59); MagicNoReanimate (Skyrim.esm:06F6FB); ImmuneParalysis (Skyrim.esm:0F23C5); NoSoulTrap (Skyrim.esm:103AD2),"Flies, Walks, NotPunishable, NoCombatInWater, UsesHeadTrackAnims, SpellsAlignWithMagicNode, AllowRagdollCollision, CantOpenDoors, AlwaysUseProxyController, AllowMountedCombat",,race reference,extracted
Dragonborn.esm,Skyrim.esm:012E82,DragonRace,,ActorTypeCreature (Skyrim.esm:013795); ActorTypeDragon (Skyrim.esm:035D59); MagicNoReanimate (Skyrim.esm:06F6FB); ImmuneParalysis (Skyrim.esm:0F23C5); NoSoulTrap (Skyrim.esm:103AD2),"Flies, Walks, NotPunishable, NoCombatInWater, UsesHeadTrackAnims, SpellsAlignWithMagicNode, AllowRagdollCollision, CantOpenDoors, AlwaysUseProxyController, AllowMountedCombat",,race reference,extracted
Dragonborn.esm,Skyrim.esm:1052A3,UndeadDragonRace,,ActorTypeCreature (Skyrim.esm:013795); ActorTypeDragon (Skyrim.esm:035D59); MagicNoReanimate (Skyrim.esm:06F6FB); ImmuneParalysis (Skyrim.esm:0F23C5); NoSoulTrap (Skyrim.esm:103AD2),"Flies, Walks, NotPunishable, NoCombatInWater, UsesHeadTrackAnims, SpellsAlignWithMagicNode, AllowRagdollCollision, CantOpenDoors, AlwaysUseProxyController",,race reference,extracted
Skyrim.esm,Skyrim.esm:0E7713,AlduinRace,Dragon Race,ActorTypeCreature (Skyrim.esm:013795); ActorTypeDragon (Skyrim.esm:035D59); MagicNoReanimate (Skyrim.esm:06F6FB); ImmuneParalysis (Skyrim.esm:0F23C5); NoSoulTrap (Skyrim.esm:103AD2),"Flies, Walks, NotPunishable, NoCombatInWater, UsesHeadTrackAnims, SpellsAlignWithMagicNode, AllowRagdollCollision, CantOpenDoors, AlwaysUseProxyController",,race reference,extracted
Skyrim.esm,Skyrim.esm:013740,ArgonianRace,Argonian,ActorTypeNPC (Skyrim.esm:013794); IsBeastRace (Skyrim.esm:0D61D1),"Playable, FaceGenHead, Swims, Walks, NoCombatInWater, UsesHeadTrackAnims, AllowPcDialog, AllowPickpocket, CanPickupItems, CanDualWield, UseAdvancedAvoidance",,playable-origin race,extracted
Skyrim.esm,Skyrim.esm:08883A,ArgonianRaceVampire,Argonian,ActorTypeNPC (Skyrim.esm:013794); Vampire (Skyrim.esm:0A82BB); IsBeastRace (Skyrim.esm:0D61D1); ActorTypeUndead (Skyrim.esm:013796),"FaceGenHead, Swims, Walks, NoCombatInWater, UsesHeadTrackAnims, AllowPcDialog, AllowPickpocket, OverlayHeadPartList, CanPickupItems, CanDualWield, UseAdvancedAvoidance",,origin normalization / vampire curse overlay,extracted
Skyrim.esm,Skyrim.esm:0131F5,AtronachFlameRace,Flame Atronach,ActorTypeCreature (Skyrim.esm:013795); ActorTypeDaedra (Skyrim.esm:013797); MagicNoReanimate (Skyrim.esm:06F6FB); ImmuneParalysis (Skyrim.esm:0F23C5); MagicNoInvisibility (Skyrim.esm:0FFEA0),"Walks, NoCombatInWater, DontShowBloodDecal, UsesHeadTrackAnims, NoKnockdowns, DontShowWeaponBlood, UseAdvancedAvoidance",,race reference,extracted
Skyrim.esm,Skyrim.esm:0131F6,AtronachFrostRace,Frost Atronach,ActorTypeDaedra (Skyrim.esm:013797); ActorTypeCreature (Skyrim.esm:013795); MagicNoReanimate (Skyrim.esm:06F6FB); ImmuneParalysis (Skyrim.esm:0F23C5); MagicNoInvisibility (Skyrim.esm:0FFEA0),"Walks, NoCombatInWater, DontShowBloodDecal, NoKnockdowns, DontShowWeaponBlood, UseAdvancedAvoidance",,race reference,extracted
Skyrim.esm,Skyrim.esm:0131F7,AtronachStormRace,Storm Atronach,ActorTypeCreature (Skyrim.esm:013795); ActorTypeDaedra (Skyrim.esm:013797); MagicNoReanimate (Skyrim.esm:06F6FB); ImmuneParalysis (Skyrim.esm:0F23C5); MagicNoInvisibility (Skyrim.esm:0FFEA0),"Walks, NoCombatInWater, DontShowBloodDecal, NoKnockdowns, DontShowWeaponBlood, UseAdvancedAvoidance",,race reference,extracted
Skyrim.esm,Skyrim.esm:0131E8,BearBlackRace,Cave Bear,ActorTypeAnimal (Skyrim.esm:013798); ActorTypeCreature (Skyrim.esm:013795),"TiltFrontBack, Swims, Walks, NoCombatInWater, UsesHeadTrackAnims",,race reference,extracted
Skyrim.esm,Skyrim.esm:0131E7,BearBrownRace,Bear,ActorTypeAnimal (Skyrim.esm:013798); ActorTypeCreature (Skyrim.esm:013795),"TiltFrontBack, Swims, Walks, NoCombatInWater, UsesHeadTrackAnims",,race reference,extracted
Skyrim.esm,Skyrim.esm:0131E9,BearSnowRace,Snow Bear,ActorTypeAnimal (Skyrim.esm:013798); ActorTypeCreature (Skyrim.esm:013795),"TiltFrontBack, Swims, Walks, NoCombatInWater, UsesHeadTrackAnims",,race reference,extracted
Skyrim.esm,Skyrim.esm:013741,BretonRace,Breton,ActorTypeNPC (Skyrim.esm:013794),"Playable, FaceGenHead, Swims, Walks, NoCombatInWater, UsesHeadTrackAnims, AllowPcDialog, AllowPickpocket, CanPickupItems, CanDualWield",,playable-origin race,extracted
Skyrim.esm,Skyrim.esm:02C65C,BretonRaceChild,Breton,ActorTypeNPC (Skyrim.esm:013794),"FaceGenHead, Child, Swims, Walks, NoCombatInWater, UsesHeadTrackAnims, AllowPcDialog, CanPickupItems, CanDualWield",,playable-origin race,extracted
Skyrim.esm,Skyrim.esm:108272,BretonRaceChildVampire,Breton,ActorTypeNPC (Skyrim.esm:013794); ActorTypeUndead (Skyrim.esm:013796); Vampire (Skyrim.esm:0A82BB),"FaceGenHead, Child, Swims, Walks, NoCombatInWater, UsesHeadTrackAnims, AllowPcDialog, CanPickupItems, CanDualWield",,origin normalization / vampire curse overlay,extracted
Skyrim.esm,Skyrim.esm:08883C,BretonRaceVampire,Breton,ActorTypeNPC (Skyrim.esm:013794); Vampire (Skyrim.esm:0A82BB); ActorTypeUndead (Skyrim.esm:013796),"FaceGenHead, Swims, Walks, NoCombatInWater, UsesHeadTrackAnims, AllowPcDialog, AllowPickpocket, OverlayHeadPartList, CanPickupItems, CanDualWield, UseAdvancedAvoidance",,origin normalization / vampire curse overlay,extracted
Skyrim.esm,Skyrim.esm:0CAE13,C00GiantOutsideWhiterunRace,Giant,ActorTypeCreature (Skyrim.esm:013795),"Walks, NoCombatInWater, UsesHeadTrackAnims, CantOpenDoors",,race reference,extracted
Skyrim.esm,Skyrim.esm:106C10,C06WolfSpiritRace,Wolf,ActorTypeAnimal (Skyrim.esm:013798); ActorTypeCreature (Skyrim.esm:013795); AtT_NamedNode&NPC%SPC%Spine2%SPC%%LBR%Spn2%RBR%_NamedNode&MagicEffectsNode (Skyrim.esm:092A6C),"TiltFrontBack, Swims, Walks, NoCombatInWater, UsesHeadTrackAnims, CantOpenDoors",,race reference,extracted
Skyrim.esm,Skyrim.esm:0DE505,CartHorseRace,Horse,ActorTypeAnimal (Skyrim.esm:013798); ActorTypeCreature (Skyrim.esm:013795),"TiltFrontBack, Walks, NoCombatInWater, UsesHeadTrackAnims, CantOpenDoors, NoKnockdowns",,race reference,extracted
Skyrim.esm,Skyrim.esm:0131EB,ChaurusRace,Chaurus,ActorTypeAnimal (Skyrim.esm:013798); ActorTypeCreature (Skyrim.esm:013795),"TiltFrontBack, TiltLeftRight, Walks, NoCombatInWater, DontShowBloodDecal, SpellsAlignWithMagicNode, CantOpenDoors, DontShowWeaponBlood",,race reference,extracted
Skyrim.esm,Skyrim.esm:0A5601,ChaurusReaperRace,Chaurus,ActorTypeAnimal (Skyrim.esm:013798); ActorTypeCreature (Skyrim.esm:013795),"TiltFrontBack, TiltLeftRight, Walks, NoCombatInWater, DontShowBloodDecal, SpellsAlignWithMagicNode, CantOpenDoors, DontShowWeaponBlood",,race reference,extracted
Skyrim.esm,Skyrim.esm:0A919D,ChickenRace,Rabbit,ActorTypeAnimal (Skyrim.esm:013798); ActorTypeCreature (Skyrim.esm:013795),"TiltFrontBack, Walks, NoCombatInWater, CantOpenDoors, NonHostile",,race reference,extracted
Skyrim.esm,Skyrim.esm:04E785,CowRace,HighlandCow,ActorTypeAnimal (Skyrim.esm:013798); ActorTypeCreature (Skyrim.esm:013795),"TiltFrontBack, Swims, Walks, NoCombatInWater, UsesHeadTrackAnims, CantOpenDoors, NonHostile",,race reference,extracted
Skyrim.esm,Skyrim.esm:0CD657,DA03BarbasDogRace,Dog,ActorTypeAnimal (Skyrim.esm:013798); ActorTypeCreature (Skyrim.esm:013795),"TiltFrontBack, Swims, Walks, NoCombatInWater, UsesHeadTrackAnims, AllowPcDialog",,race reference,extracted
Skyrim.esm,Skyrim.esm:097A3D,DA13AfflictedRace,Breton,ActorTypeNPC (Skyrim.esm:013794),"FaceGenHead, Swims, Walks, NoCombatInWater, UsesHeadTrackAnims, AllowPcDialog, AllowPickpocket, CanPickupItems, CanDualWield, UseAdvancedAvoidance",,playable-origin race,extracted
Skyrim.esm,Skyrim.esm:013742,DarkElfRace,Dark Elf,ActorTypeNPC (Skyrim.esm:013794),"Playable, FaceGenHead, Swims, Walks, NoCombatInWater, UsesHeadTrackAnims, AllowPcDialog, AllowPickpocket, CanPickupItems, CanDualWield",,playable-origin race,extracted
Skyrim.esm,Skyrim.esm:08883D,DarkElfRaceVampire,Dark Elf,ActorTypeNPC (Skyrim.esm:013794); Vampire (Skyrim.esm:0A82BB); ActorTypeUndead (Skyrim.esm:013796),"FaceGenHead, Swims, Walks, NoCombatInWater, UsesHeadTrackAnims, AllowPcDialog, AllowPickpocket, OverlayHeadPartList, CanPickupItems, CanDualWield",,origin normalization / vampire curse overlay,extracted
Skyrim.esm,Skyrim.esm:0CF89B,DeerRace,Deer,ActorTypeAnimal (Skyrim.esm:013798); ActorTypeCreature (Skyrim.esm:013795),"TiltFrontBack, Swims, Walks, NoCombatInWater, UsesHeadTrackAnims, CantOpenDoors, NonHostile",,race reference,extracted
Skyrim.esm,Skyrim.esm:000019,DefaultRace,Default Race,,"FaceGenHead, Walks, NoCombatInWater, UsesHeadTrackAnims, CanPickupItems, CanDualWield, UseAdvancedAvoidance",,race reference,extracted
Skyrim.esm,Skyrim.esm:0F1AC4,DogCompanionRace,Dog,ActorTypeAnimal (Skyrim.esm:013798); ActorTypeCreature (Skyrim.esm:013795),"TiltFrontBack, Swims, Walks, NoCombatInWater, UsesHeadTrackAnims, AllowPcDialog",,race reference,extracted
Skyrim.esm,Skyrim.esm:0131EE,DogRace,Dog,ActorTypeAnimal (Skyrim.esm:013798); ActorTypeCreature (Skyrim.esm:013795),"TiltFrontBack, Swims, Walks, NoCombatInWater, UsesHeadTrackAnims, CantOpenDoors, AllowPcDialog",,race reference,extracted
Skyrim.esm,Skyrim.esm:0131EF,DragonPriestRace,Dragon Priest,ActorTypeCreature (Skyrim.esm:013795); ActorTypeUndead (Skyrim.esm:013796); ImmuneParalysis (Skyrim.esm:0F23C5),"Walks, NoCombatInWater, UsesHeadTrackAnims, NoKnockdowns, DontShowWeaponBlood, UseAdvancedAvoidance",,race reference,extracted
Skyrim.esm,Skyrim.esm:012E82,DragonRace,Dragon Race,ActorTypeCreature (Skyrim.esm:013795); ActorTypeDragon (Skyrim.esm:035D59); MagicNoReanimate (Skyrim.esm:06F6FB); ImmuneParalysis (Skyrim.esm:0F23C5); NoSoulTrap (Skyrim.esm:103AD2),"Flies, Walks, NotPunishable, NoCombatInWater, UsesHeadTrackAnims, SpellsAlignWithMagicNode, AllowRagdollCollision, CantOpenDoors, AlwaysUseProxyController",,race reference,extracted
Skyrim.esm,Skyrim.esm:0F71DC,DraugrMagicRace,Draugr,ActorTypeCreature (Skyrim.esm:013795); ActorTypeUndead (Skyrim.esm:013796); UpdateDuringArchery (Skyrim.esm:10C443),"Walks, NoCombatInWater, DontShowBloodDecal, UsesHeadTrackAnims, DontShowWeaponBlood, CanPickupItems, UseAdvancedAvoidance",,race reference,extracted
Skyrim.esm,Skyrim.esm:000D53,DraugrRace,Draugr,ActorTypeCreature (Skyrim.esm:013795); ActorTypeUndead (Skyrim.esm:013796); UpdateDuringArchery (Skyrim.esm:10C443),"Walks, NoCombatInWater, UsesHeadTrackAnims, DontShowWeaponBlood, CanPickupItems, UseAdvancedAvoidance",,race reference,extracted
Skyrim.esm,Skyrim.esm:0131F0,DremoraRace,Dremora,ActorTypeDaedra (Skyrim.esm:013797); ActorTypeNPC (Skyrim.esm:013794),"FaceGenHead, Swims, Walks, NoCombatInWater, AllowPcDialog, AllowPickpocket, CanPickupItems",,race reference,extracted
Skyrim.esm,Skyrim.esm:0B214B,dunMiddenEmptyRace,,,"Immobile, DontShowBloodSpray, DontShowBloodDecal, CantOpenDoors, NoKnockdowns",,race reference,extracted
Skyrim.esm,Skyrim.esm:0131F1,DwarvenCenturionRace,Dwarven Centurion,ActorTypeDwarven (Skyrim.esm:01397A); MagicNoReanimate (Skyrim.esm:06F6FB); ImmuneParalysis (Skyrim.esm:0F23C5); NoSoulTrap (Skyrim.esm:103AD2),"Walks, NoCombatInWater, DontShowBloodDecal, CantOpenDoors, NoKnockdowns, DontShowWeaponBlood, UseAdvancedAvoidance",,race reference,extracted
Skyrim.esm,Skyrim.esm:0131F2,DwarvenSphereRace,Dwarven Sphere,ActorTypeDwarven (Skyrim.esm:01397A); MagicNoReanimate (Skyrim.esm:06F6FB); ImmuneParalysis (Skyrim.esm:0F23C5); NoSoulTrap (Skyrim.esm:103AD2),"Walks, NoCombatInWater, DontShowBloodDecal, NoKnockdowns, DontShowWeaponBlood, UseAdvancedAvoidance",,race reference,extracted
Skyrim.esm,Skyrim.esm:0131F3,DwarvenSpiderRace,Dwarven Spider,ActorTypeDwarven (Skyrim.esm:01397A); MagicNoReanimate (Skyrim.esm:06F6FB); ImmuneParalysis (Skyrim.esm:0F23C5); NoSoulTrap (Skyrim.esm:103AD2),"TiltFrontBack, TiltLeftRight, Walks, NoCombatInWater, DontShowBloodDecal, SpellsAlignWithMagicNode, DontShowWeaponBlood, UseAdvancedAvoidance",,race reference,extracted
Skyrim.esm,Skyrim.esm:067CD8,ElderRace,Old People Race,ActorTypeNPC (Skyrim.esm:013794),"FaceGenHead, Swims, Walks, NoCombatInWater, UsesHeadTrackAnims, AllowPcDialog, AllowPickpocket, CanPickupItems, CanDualWield, UseAdvancedAvoidance",,race reference,extracted
Skyrim.esm,Skyrim.esm:0A82BA,ElderRaceVampire,Old People Race,ActorTypeNPC (Skyrim.esm:013794); Vampire (Skyrim.esm:0A82BB); ActorTypeUndead (Skyrim.esm:013796),"FaceGenHead, Swims, Walks, NoCombatInWater, OverlayHeadPartList, CanPickupItems, CanDualWield, UseAdvancedAvoidance",,origin normalization / vampire curse overlay,extracted
Skyrim.esm,Skyrim.esm:0131ED,ElkRace,Deer,ActorTypeAnimal (Skyrim.esm:013798); ActorTypeCreature (Skyrim.esm:013795),"TiltFrontBack, Swims, Walks, NoCombatInWater, UsesHeadTrackAnims, CantOpenDoors, NonHostile",,race reference,extracted
Skyrim.esm,Skyrim.esm:0131F4,FalmerRace,Falmer,ActorTypeCreature (Skyrim.esm:013795); UpdateDuringArchery (Skyrim.esm:10C443),"Swims, Walks, NoCombatInWater, UsesHeadTrackAnims, CanPickupItems",,race reference,extracted
Skyrim.esm,Skyrim.esm:109C7C,FoxRace,Fox,ActorTypeAnimal (Skyrim.esm:013798); ActorTypeCreature (Skyrim.esm:013795); AtT_NamedNode&NPC%SPC%Spine2%SPC%%LBR%Spn2%RBR%_NamedNode&MagicEffectsNode (Skyrim.esm:092A6C),"TiltFrontBack, Swims, Walks, NoCombatInWater, UsesHeadTrackAnims, CantOpenDoors, NonHostile",,race reference,extracted
Skyrim.esm,Skyrim.esm:0131F8,FrostbiteSpiderRace,Frostbite Spider,ActorTypeAnimal (Skyrim.esm:013798); ActorTypeCreature (Skyrim.esm:013795),"TiltFrontBack, TiltLeftRight, Walks, NoCombatInWater, DontShowBloodDecal, SpellsAlignWithMagicNode, CantOpenDoors, DontShowWeaponBlood, UseAdvancedAvoidance",,race reference,extracted
Skyrim.esm,Skyrim.esm:04E507,FrostbiteSpiderRaceGiant,Frostbite Spider,ActorTypeAnimal (Skyrim.esm:013798); ActorTypeCreature (Skyrim.esm:013795),"TiltFrontBack, TiltLeftRight, Walks, NoCombatInWater, DontShowBloodDecal, SpellsAlignWithMagicNode, CantOpenDoors, DontShowWeaponBlood",,race reference,extracted
Skyrim.esm,Skyrim.esm:053477,FrostbiteSpiderRaceLarge,Frostbite Spider,ActorTypeAnimal (Skyrim.esm:013798); ActorTypeCreature (Skyrim.esm:013795),"TiltFrontBack, TiltLeftRight, Walks, NoCombatInWater, DontShowBloodDecal, SpellsAlignWithMagicNode, CantOpenDoors, DontShowWeaponBlood",,race reference,extracted
Skyrim.esm,Skyrim.esm:0131F9,GiantRace,Giant,ActorTypeCreature (Skyrim.esm:013795),"Walks, NoCombatInWater, UsesHeadTrackAnims, CantOpenDoors, AvoidsRoads, UseAdvancedAvoidance",,race reference,extracted
Skyrim.esm,Skyrim.esm:06FC4A,GoatDomesticsRace,Goat,ActorTypeAnimal (Skyrim.esm:013798); ActorTypeCreature (Skyrim.esm:013795),"Walks, NoCombatInWater, UsesHeadTrackAnims, CantOpenDoors, NonHostile",,race reference,extracted
Skyrim.esm,Skyrim.esm:0131FA,GoatRace,Goat,ActorTypeAnimal (Skyrim.esm:013798); ActorTypeCreature (Skyrim.esm:013795),"TiltFrontBack, Walks, NoCombatInWater, UsesHeadTrackAnims, CantOpenDoors, NonHostile",,race reference,extracted
Skyrim.esm,Skyrim.esm:0131FB,HagravenRace,Hagraven,ActorTypeCreature (Skyrim.esm:013795),"Walks, NoCombatInWater, UsesHeadTrackAnims, UseAdvancedAvoidance",,race reference,extracted
Skyrim.esm,Skyrim.esm:06DC99,HareRace,Rabbit,ActorTypeAnimal (Skyrim.esm:013798); ActorTypeCreature (Skyrim.esm:013795),"TiltFrontBack, Walks, NoCombatInWater, CantOpenDoors, NonHostile",,race reference,extracted
Skyrim.esm,Skyrim.esm:013743,HighElfRace,High Elf,ActorTypeNPC (Skyrim.esm:013794),"Playable, FaceGenHead, Swims, Walks, NoCombatInWater, UsesHeadTrackAnims, AllowPcDialog, AllowPickpocket, CanPickupItems, CanDualWield, UseAdvancedAvoidance",,playable-origin race,extracted
Skyrim.esm,Skyrim.esm:088840,HighElfRaceVampire,High Elf,ActorTypeNPC (Skyrim.esm:013794); Vampire (Skyrim.esm:0A82BB); ActorTypeUndead (Skyrim.esm:013796),"FaceGenHead, Swims, Walks, NoCombatInWater, AllowPcDialog, AllowPickpocket, OverlayHeadPartList, CanPickupItems, CanDualWield, UseAdvancedAvoidance",,origin normalization / vampire curse overlay,extracted
Skyrim.esm,Skyrim.esm:0131FC,HorkerRace,Horker,ActorTypeAnimal (Skyrim.esm:013798); ActorTypeCreature (Skyrim.esm:013795),"TiltFrontBack, Swims, Walks, CantOpenDoors",,race reference,extracted
Skyrim.esm,Skyrim.esm:0131FD,HorseRace,Horse,ActorTypeAnimal (Skyrim.esm:013798); ActorTypeCreature (Skyrim.esm:013795); MagicNoReanimate (Skyrim.esm:06F6FB); ImmuneParalysis (Skyrim.esm:0F23C5),"TiltFrontBack, Walks, NoCombatInWater, UsesHeadTrackAnims, CantOpenDoors, NoKnockdowns",,race reference,extracted
Skyrim.esm,Skyrim.esm:0131FE,IceWraithRace,Ice Wraith,ActorTypeCreature (Skyrim.esm:013795); MagicNoReanimate (Skyrim.esm:06F6FB); ImmuneParalysis (Skyrim.esm:0F23C5); MagicNoInvisibility (Skyrim.esm:0FFEA0),"NoShadow, Walks, NoCombatInWater, DontShowBloodDecal, AllowRagdollCollision, CantOpenDoors, NoKnockdowns, DontShowWeaponBlood",,race reference,extracted
Skyrim.esm,Skyrim.esm:013744,ImperialRace,Imperial,ActorTypeNPC (Skyrim.esm:013794),"Playable, FaceGenHead, Swims, Walks, NoCombatInWater, UsesHeadTrackAnims, AllowPcDialog, AllowPickpocket, CanPickupItems, CanDualWield, UseAdvancedAvoidance",,playable-origin race,extracted
Skyrim.esm,Skyrim.esm:02C659,ImperialRaceChild,Imperial,ActorTypeNPC (Skyrim.esm:013794),"FaceGenHead, Child, Swims, Walks, NoCombatInWater, UsesHeadTrackAnims, AllowPcDialog, CanPickupItems, CanDualWield, UseAdvancedAvoidance",,playable-origin race,extracted
Skyrim.esm,Skyrim.esm:088844,ImperialRaceVampire,Imperial,ActorTypeNPC (Skyrim.esm:013794); Vampire (Skyrim.esm:0A82BB); ActorTypeUndead (Skyrim.esm:013796),"FaceGenHead, Swims, Walks, NoCombatInWater, UsesHeadTrackAnims, AllowPcDialog, AllowPickpocket, OverlayHeadPartList, CanPickupItems, CanDualWield, UseAdvancedAvoidance",,origin normalization / vampire curse overlay,extracted
Skyrim.esm,Skyrim.esm:071E6A,InvisibleRace,Invisible Race,ActorTypeNPC (Skyrim.esm:013794),"FaceGenHead, Swims, Walks, NoCombatInWater, DontShowBloodSpray, DontShowBloodDecal, AllowPcDialog, AllowPickpocket, CanPickupItems",,race reference,extracted
Skyrim.esm,Skyrim.esm:013745,KhajiitRace,Khajiit,ActorTypeNPC (Skyrim.esm:013794); IsBeastRace (Skyrim.esm:0D61D1),"Playable, FaceGenHead, Swims, Walks, NoCombatInWater, UsesHeadTrackAnims, AllowPcDialog, AllowPickpocket, CanPickupItems, CanDualWield, UseAdvancedAvoidance",,playable-origin race,extracted
Skyrim.esm,Skyrim.esm:088845,KhajiitRaceVampire,Khajiit,ActorTypeNPC (Skyrim.esm:013794); Vampire (Skyrim.esm:0A82BB); IsBeastRace (Skyrim.esm:0D61D1); ActorTypeUndead (Skyrim.esm:013796),"FaceGenHead, Swims, Walks, NoCombatInWater, UsesHeadTrackAnims, AllowPcDialog, AllowPickpocket, OverlayHeadPartList, CanPickupItems, CanDualWield, UseAdvancedAvoidance",,origin normalization / vampire curse overlay,extracted
Skyrim.esm,Skyrim.esm:0B6F95,MagicAnomalyRace,Essence of Magicka,ActorTypeCreature (Skyrim.esm:013795); MagicNoReanimate (Skyrim.esm:06F6FB); MagicNoInvisibility (Skyrim.esm:0FFEA0); ImmuneParalysis (Skyrim.esm:0F23C5),"NoShadow, Walks, NoCombatInWater, DontShowBloodDecal, AllowRagdollCollision, CantOpenDoors, NoKnockdowns, DontShowWeaponBlood",,race reference,extracted
Skyrim.esm,Skyrim.esm:0131FF,MammothRace,Mammoth,ActorTypeAnimal (Skyrim.esm:013798); ActorTypeCreature (Skyrim.esm:013795); ImmuneParalysis (Skyrim.esm:0F23C5),"TiltFrontBack, TiltLeftRight, Walks, NoCombatInWater, UsesHeadTrackAnims, CantOpenDoors, NoKnockdowns, AvoidsRoads",,race reference,extracted
Skyrim.esm,Skyrim.esm:10760A,ManakinRace,Nord,ActorTypeNPC (Skyrim.esm:013794),"FaceGenHead, Swims, Walks, NoCombatInWater, UsesHeadTrackAnims, AllowPcDialog, AllowPickpocket, CanPickupItems, CanDualWield, UseAdvancedAvoidance",,playable-origin race,extracted
Skyrim.esm,Skyrim.esm:0F905F,MG07DogRace,Dog,ActorTypeAnimal (Skyrim.esm:013798); ActorTypeCreature (Skyrim.esm:013795),"TiltFrontBack, Swims, Walks, NoCombatInWater, DontShowBloodDecal, UsesHeadTrackAnims, CantOpenDoors, AllowPcDialog, DontShowWeaponBlood",,race reference,extracted
Skyrim.esm,Skyrim.esm:0BA545,MudcrabRace,MudCrab,ActorTypeAnimal (Skyrim.esm:013798); ActorTypeCreature (Skyrim.esm:013795),"TiltFrontBack, TiltLeftRight, Swims, Walks, CantOpenDoors, UseAdvancedAvoidance",,race reference,extracted
Skyrim.esm,Skyrim.esm:013746,NordRace,Nord,ActorTypeNPC (Skyrim.esm:013794),"Playable, FaceGenHead, Swims, Walks, NoCombatInWater, UsesHeadTrackAnims, AllowPcDialog, AllowPickpocket, CanPickupItems, CanDualWield, UseAdvancedAvoidance",,playable-origin race,extracted
Skyrim.esm,Skyrim.esm:07EAF3,NordRaceAstrid,Nord,ActorTypeNPC (Skyrim.esm:013794),"FaceGenHead, Swims, Walks, NoCombatInWater, UsesHeadTrackAnims, AllowPcDialog, AllowPickpocket, CanPickupItems, CanDualWield, UseAdvancedAvoidance",,playable-origin race,extracted
Skyrim.esm,Skyrim.esm:02C65B,NordRaceChild,Nord,ActorTypeNPC (Skyrim.esm:013794),"FaceGenHead, Child, Swims, Walks, NoCombatInWater, UsesHeadTrackAnims, AllowPcDialog, CanPickupItems, CanDualWield, UseAdvancedAvoidance",,playable-origin race,extracted
Skyrim.esm,Skyrim.esm:088794,NordRaceVampire,Nord,ActorTypeNPC (Skyrim.esm:013794); Vampire (Skyrim.esm:0A82BB); ActorTypeUndead (Skyrim.esm:013796),"FaceGenHead, Swims, Walks, NoCombatInWater, UsesHeadTrackAnims, AllowPcDialog, AllowPickpocket, OverlayHeadPartList, CanPickupItems, CanDualWield, UseAdvancedAvoidance",,origin normalization / vampire curse overlay,extracted
Skyrim.esm,Skyrim.esm:013747,OrcRace,Orc,ActorTypeNPC (Skyrim.esm:013794),"Playable, FaceGenHead, Swims, Walks, NoCombatInWater, UsesHeadTrackAnims, AllowPcDialog, AllowPickpocket, CanPickupItems, CanDualWield, UseAdvancedAvoidance",,playable-origin race,extracted
Skyrim.esm,Skyrim.esm:0A82B9,OrcRaceVampire,Orc,ActorTypeNPC (Skyrim.esm:013794); Vampire (Skyrim.esm:0A82BB); ActorTypeUndead (Skyrim.esm:013796),"FaceGenHead, Swims, Walks, NoCombatInWater, UsesHeadTrackAnims, AllowPcDialog, AllowPickpocket, OverlayHeadPartList, CanPickupItems, CanDualWield, UseAdvancedAvoidance",,origin normalization / vampire curse overlay,extracted
Skyrim.esm,Skyrim.esm:013748,RedguardRace,Redguard,ActorTypeNPC (Skyrim.esm:013794),"Playable, FaceGenHead, Swims, Walks, NoCombatInWater, UsesHeadTrackAnims, AllowPcDialog, AllowPickpocket, CanPickupItems, CanDualWield, UseAdvancedAvoidance",,playable-origin race,extracted
Skyrim.esm,Skyrim.esm:02C65A,RedguardRaceChild,Redguard,ActorTypeNPC (Skyrim.esm:013794),"FaceGenHead, Child, Swims, Walks, NoCombatInWater, UsesHeadTrackAnims, AllowPcDialog, CanPickupItems, CanDualWield, UseAdvancedAvoidance",,playable-origin race,extracted
Skyrim.esm,Skyrim.esm:088846,RedguardRaceVampire,Redguard,ActorTypeNPC (Skyrim.esm:013794); Vampire (Skyrim.esm:0A82BB); ActorTypeUndead (Skyrim.esm:013796),"FaceGenHead, Swims, Walks, NoCombatInWater, UsesHeadTrackAnims, AllowPcDialog, AllowPickpocket, OverlayHeadPartList, CanPickupItems, CanDualWield, UseAdvancedAvoidance",,origin normalization / vampire curse overlay,extracted
Skyrim.esm,Skyrim.esm:0B9FD7,RigidSkeletonRace,Skeleton,ActorTypeCreature (Skyrim.esm:013795); ActorTypeUndead (Skyrim.esm:013796),"Walks, NoCombatInWater, DontShowBloodDecal, UsesHeadTrackAnims, DontShowWeaponBlood, CanPickupItems, UseAdvancedAvoidance",,race reference,extracted
Skyrim.esm,Skyrim.esm:013200,SabreCatRace,Sabre Cat,ActorTypeAnimal (Skyrim.esm:013798); ActorTypeCreature (Skyrim.esm:013795),"TiltFrontBack, Swims, Walks, NoCombatInWater, UsesHeadTrackAnims",,race reference,extracted
Skyrim.esm,Skyrim.esm:013202,SabreCatSnowyRace,Snowy Sabre Cat,ActorTypeAnimal (Skyrim.esm:013798); ActorTypeCreature (Skyrim.esm:013795),"TiltFrontBack, Swims, Walks, NoCombatInWater, UsesHeadTrackAnims",,race reference,extracted
Skyrim.esm,Skyrim.esm:013201,SkeeverRace,Skeever,ActorTypeAnimal (Skyrim.esm:013798); ActorTypeCreature (Skyrim.esm:013795),"TiltFrontBack, Walks, NoCombatInWater, UsesHeadTrackAnims, CantOpenDoors",,race reference,extracted
Skyrim.esm,Skyrim.esm:0C3EDF,SkeeverWhiteRace,Skeever,ActorTypeAnimal (Skyrim.esm:013798); ActorTypeCreature (Skyrim.esm:013795),"TiltFrontBack, Walks, NoCombatInWater, UsesHeadTrackAnims, CantOpenDoors",,race reference,extracted
Skyrim.esm,Skyrim.esm:0EBE18,SkeletonNecroPriestRace,Dragon Priest,ActorTypeCreature (Skyrim.esm:013795); ActorTypeUndead (Skyrim.esm:013796),"Walks, NoCombatInWater, UsesHeadTrackAnims, DontShowWeaponBlood, UseAdvancedAvoidance",,race reference,extracted
Skyrim.esm,Skyrim.esm:0EB872,SkeletonNecroRace,Skeleton,ActorTypeCreature (Skyrim.esm:013795); ActorTypeUndead (Skyrim.esm:013796),"Walks, NoCombatInWater, DontShowBloodSpray, DontShowBloodDecal, UsesHeadTrackAnims, NoKnockdowns, DontShowWeaponBlood, CanPickupItems, UseAdvancedAvoidance",,race reference,extracted
Skyrim.esm,Skyrim.esm:0B7998,SkeletonRace,Skeleton,ActorTypeCreature (Skyrim.esm:013795); ActorTypeUndead (Skyrim.esm:013796); MagicNoReanimate (Skyrim.esm:06F6FB); ImmuneParalysis (Skyrim.esm:0F23C5),"Walks, NoCombatInWater, UsesHeadTrackAnims, NoKnockdowns, DontShowWeaponBlood, CanPickupItems, CanDualWield, UseAdvancedAvoidance",,race reference,extracted
Skyrim.esm,Skyrim.esm:013203,SlaughterfishRace,Slaughterfish,ActorTypeAnimal (Skyrim.esm:013798); ActorTypeCreature (Skyrim.esm:013795),"Swims, CantOpenDoors",,race reference,extracted
Skyrim.esm,Skyrim.esm:0F3903,SprigganMatronRace,Spriggan,ActorTypeCreature (Skyrim.esm:013795); MagicNoInvisibility (Skyrim.esm:0FFEA0),"Walks, NoCombatInWater, DontShowBloodDecal, UsesHeadTrackAnims, DontShowWeaponBlood, UseAdvancedAvoidance",,race reference,extracted
Skyrim.esm,Skyrim.esm:013204,SprigganRace,Spriggan,ActorTypeCreature (Skyrim.esm:013795); MagicNoInvisibility (Skyrim.esm:0FFEA0),"Walks, NoCombatInWater, DontShowBloodDecal, UsesHeadTrackAnims, DontShowWeaponBlood, UseAdvancedAvoidance",,race reference,extracted
Skyrim.esm,Skyrim.esm:09AA44,SprigganSwarmRace,Witchlight,ActorTypeCreature (Skyrim.esm:013795); MagicNoReanimate (Skyrim.esm:06F6FB),"Walks, NoCombatInWater, DontShowBloodDecal, AllowRagdollCollision, DontShowWeaponBlood",,race reference,extracted
Skyrim.esm,Skyrim.esm:09AA3C,SwarmRace,Witchlight,ActorTypeCreature (Skyrim.esm:013795); MagicNoReanimate (Skyrim.esm:06F6FB),"Walks, NoCombatInWater, AllowRagdollCollision",,race reference,extracted
Skyrim.esm,Skyrim.esm:013206,TrollFrostRace,Snow Troll,ActorTypeAnimal (Skyrim.esm:013798); ActorTypeCreature (Skyrim.esm:013795); ActorTypeTroll (Skyrim.esm:0F5D16),"Walks, NoCombatInWater, RegenHpInCombat, UseAdvancedAvoidance",,race reference,extracted
Skyrim.esm,Skyrim.esm:013205,TrollRace,Troll,ActorTypeAnimal (Skyrim.esm:013798); ActorTypeCreature (Skyrim.esm:013795); ActorTypeTroll (Skyrim.esm:0F5D16),"Walks, NoCombatInWater, RegenHpInCombat, UseAdvancedAvoidance",,race reference,extracted
Skyrim.esm,Skyrim.esm:1052A3,UndeadDragonRace,Dragon Race,ActorTypeCreature (Skyrim.esm:013795); ActorTypeDragon (Skyrim.esm:035D59); MagicNoReanimate (Skyrim.esm:06F6FB); ImmuneParalysis (Skyrim.esm:0F23C5); NoSoulTrap (Skyrim.esm:103AD2),"Flies, Walks, NotPunishable, NoCombatInWater, UsesHeadTrackAnims, SpellsAlignWithMagicNode, AllowRagdollCollision, CantOpenDoors, AlwaysUseProxyController",,race reference,extracted
Skyrim.esm,Skyrim.esm:0CDD84,WerewolfBeastRace,Werewolf,ActorTypeCreature (Skyrim.esm:013795); ImmuneParalysis (Skyrim.esm:0F23C5),"Swims, Walks, NoCombatInWater, UsesHeadTrackAnims, RegenHpInCombat, AllowPcDialog, OverrideHeadPartList, UseAdvancedAvoidance",,temporary beast-form / curse overlay,extracted
Skyrim.esm,Skyrim.esm:104F45,WhiteStagRace,Deer,ActorTypeAnimal (Skyrim.esm:013798); ActorTypeCreature (Skyrim.esm:013795),"TiltFrontBack, Swims, Walks, NoCombatInWater, UsesHeadTrackAnims, CantOpenDoors, NonHostile",,race reference,extracted
Skyrim.esm,Skyrim.esm:013208,WispRace,Wisp,ActorTypeCreature (Skyrim.esm:013795); MagicNoReanimate (Skyrim.esm:06F6FB); ImmuneParalysis (Skyrim.esm:0F23C5),"Walks, NoCombatInWater, DontShowBloodDecal, UsesHeadTrackAnims, CantOpenDoors, NoKnockdowns, DontShowWeaponBlood",,race reference,extracted
Skyrim.esm,Skyrim.esm:0F1182,WispShadeRace,Wisp,ActorTypeCreature (Skyrim.esm:013795); MagicNoReanimate (Skyrim.esm:06F6FB),"Walks, NoCombatInWater, DontShowBloodDecal, UsesHeadTrackAnims, CantOpenDoors, NoKnockdowns, DontShowWeaponBlood",,race reference,extracted
Skyrim.esm,Skyrim.esm:013209,WitchlightRace,Witchlight,ActorTypeCreature (Skyrim.esm:013795); MagicNoReanimate (Skyrim.esm:06F6FB); ImmuneParalysis (Skyrim.esm:0F23C5); RaceUseGeometryEmitterForParticles (Skyrim.esm:0FCD57),"Walks, NoCombatInWater, DontShowBloodDecal, AllowRagdollCollision, CantOpenDoors, NoKnockdowns, DontShowWeaponBlood",,race reference,extracted
Skyrim.esm,Skyrim.esm:01320A,WolfRace,Wolf,ActorTypeAnimal (Skyrim.esm:013798); ActorTypeCreature (Skyrim.esm:013795); AtT_NamedNode&NPC%SPC%Spine2%SPC%%LBR%Spn2%RBR%_NamedNode&MagicEffectsNode (Skyrim.esm:092A6C),"TiltFrontBack, Swims, Walks, NoCombatInWater, UsesHeadTrackAnims, CantOpenDoors",,race reference,extracted
Skyrim.esm,Skyrim.esm:013749,WoodElfRace,Wood Elf,ActorTypeNPC (Skyrim.esm:013794),"Playable, FaceGenHead, Swims, Walks, NoCombatInWater, UsesHeadTrackAnims, AllowPcDialog, AllowPickpocket, CanPickupItems, CanDualWield, UseAdvancedAvoidance",,playable-origin race,extracted
Skyrim.esm,Skyrim.esm:088884,WoodElfRaceVampire,Wood Elf,ActorTypeNPC (Skyrim.esm:013794); Vampire (Skyrim.esm:0A82BB); ActorTypeUndead (Skyrim.esm:013796),"FaceGenHead, Swims, Walks, NoCombatInWater, UsesHeadTrackAnims, AllowPcDialog, AllowPickpocket, OverlayHeadPartList, CanPickupItems, CanDualWield, UseAdvancedAvoidance",,origin normalization / vampire curse overlay,extracted
Update.esm,Skyrim.esm:013740,ArgonianRace,Argonian,ActorTypeNPC (Skyrim.esm:013794); IsBeastRace (Skyrim.esm:0D61D1),"Playable, FaceGenHead, Swims, Walks, NoCombatInWater, UsesHeadTrackAnims, AllowPcDialog, AllowPickpocket, CanPickupItems, CanDualWield, UseAdvancedAvoidance",,playable-origin race,extracted
Update.esm,Skyrim.esm:08883A,ArgonianRaceVampire,Argonian,ActorTypeNPC (Skyrim.esm:013794); Vampire (Skyrim.esm:0A82BB); IsBeastRace (Skyrim.esm:0D61D1); ActorTypeUndead (Skyrim.esm:013796),"FaceGenHead, Swims, Walks, NoCombatInWater, UsesHeadTrackAnims, AllowPcDialog, AllowPickpocket, OverlayHeadPartList, CanPickupItems, CanDualWield, UseAdvancedAvoidance",,origin normalization / vampire curse overlay,extracted
Update.esm,Skyrim.esm:013741,BretonRace,Breton,ActorTypeNPC (Skyrim.esm:013794),"Playable, FaceGenHead, Swims, Walks, NoCombatInWater, UsesHeadTrackAnims, AllowPcDialog, AllowPickpocket, CanPickupItems, CanDualWield",,playable-origin race,extracted
Update.esm,Skyrim.esm:08883C,BretonRaceVampire,Breton,ActorTypeNPC (Skyrim.esm:013794); Vampire (Skyrim.esm:0A82BB); ActorTypeUndead (Skyrim.esm:013796),"FaceGenHead, Swims, Walks, NoCombatInWater, UsesHeadTrackAnims, AllowPcDialog, AllowPickpocket, OverlayHeadPartList, CanPickupItems, CanDualWield, UseAdvancedAvoidance",,origin normalization / vampire curse overlay,extracted
Update.esm,Skyrim.esm:0DE505,CartHorseRace,Horse,ActorTypeAnimal (Skyrim.esm:013798); ActorTypeCreature (Skyrim.esm:013795),"TiltFrontBack, Walks, NoCombatInWater, UsesHeadTrackAnims, CantOpenDoors, NoKnockdowns",,race reference,extracted
Update.esm,Update.esm:002F74,ccBGSSSE035_NixHoundCompanionRace,Dog,ActorTypeAnimal (Skyrim.esm:013798); ActorTypeCreature (Skyrim.esm:013795),"TiltFrontBack, Swims, Walks, NoCombatInWater, UsesHeadTrackAnims, AllowPcDialog",,race reference,extracted
Update.esm,Update.esm:002F93,ccBGSSSE036_BoneWolfCompanionRace,Dog,ActorTypeAnimal (Skyrim.esm:013798); ActorTypeCreature (Skyrim.esm:013795),"TiltFrontBack, Swims, Walks, NoCombatInWater, UsesHeadTrackAnims, AllowPcDialog",,race reference,extracted
Update.esm,Skyrim.esm:013742,DarkElfRace,Dark Elf,ActorTypeNPC (Skyrim.esm:013794),"Playable, FaceGenHead, Swims, Walks, NoCombatInWater, UsesHeadTrackAnims, AllowPcDialog, AllowPickpocket, CanPickupItems, CanDualWield",,playable-origin race,extracted
Update.esm,Skyrim.esm:08883D,DarkElfRaceVampire,Dark Elf,ActorTypeNPC (Skyrim.esm:013794); Vampire (Skyrim.esm:0A82BB); ActorTypeUndead (Skyrim.esm:013796),"FaceGenHead, Swims, Walks, NoCombatInWater, UsesHeadTrackAnims, AllowPcDialog, AllowPickpocket, OverlayHeadPartList, CanPickupItems, CanDualWield",,origin normalization / vampire curse overlay,extracted
Update.esm,Skyrim.esm:012E82,DragonRace,Dragon Race,ActorTypeCreature (Skyrim.esm:013795); ActorTypeDragon (Skyrim.esm:035D59); MagicNoReanimate (Skyrim.esm:06F6FB); ImmuneParalysis (Skyrim.esm:0F23C5); NoSoulTrap (Skyrim.esm:103AD2),"Flies, Walks, NotPunishable, NoCombatInWater, UsesHeadTrackAnims, SpellsAlignWithMagicNode, AllowRagdollCollision, CantOpenDoors, AlwaysUseProxyController",,race reference,extracted
Update.esm,Skyrim.esm:013743,HighElfRace,High Elf,ActorTypeNPC (Skyrim.esm:013794),"Playable, FaceGenHead, Swims, Walks, NoCombatInWater, UsesHeadTrackAnims, AllowPcDialog, AllowPickpocket, CanPickupItems, CanDualWield, UseAdvancedAvoidance",,playable-origin race,extracted
Update.esm,Skyrim.esm:088840,HighElfRaceVampire,High Elf,ActorTypeNPC (Skyrim.esm:013794); Vampire (Skyrim.esm:0A82BB); ActorTypeUndead (Skyrim.esm:013796),"FaceGenHead, Swims, Walks, NoCombatInWater, AllowPcDialog, AllowPickpocket, OverlayHeadPartList, CanPickupItems, CanDualWield, UseAdvancedAvoidance",,origin normalization / vampire curse overlay,extracted
Update.esm,Skyrim.esm:0131FD,HorseRace,Horse,ActorTypeAnimal (Skyrim.esm:013798); ActorTypeCreature (Skyrim.esm:013795); MagicNoReanimate (Skyrim.esm:06F6FB); ImmuneParalysis (Skyrim.esm:0F23C5),"TiltFrontBack, Walks, NoCombatInWater, UsesHeadTrackAnims, CantOpenDoors, NoKnockdowns",,race reference,extracted
Update.esm,Skyrim.esm:013744,ImperialRace,Imperial,ActorTypeNPC (Skyrim.esm:013794),"Playable, FaceGenHead, Swims, Walks, NoCombatInWater, UsesHeadTrackAnims, AllowPcDialog, AllowPickpocket, CanPickupItems, CanDualWield, UseAdvancedAvoidance",,playable-origin race,extracted
Update.esm,Skyrim.esm:088844,ImperialRaceVampire,Imperial,ActorTypeNPC (Skyrim.esm:013794); Vampire (Skyrim.esm:0A82BB); ActorTypeUndead (Skyrim.esm:013796),"FaceGenHead, Swims, Walks, NoCombatInWater, UsesHeadTrackAnims, AllowPcDialog, AllowPickpocket, OverlayHeadPartList, CanPickupItems, CanDualWield, UseAdvancedAvoidance",,origin normalization / vampire curse overlay,extracted
Update.esm,Skyrim.esm:013745,KhajiitRace,Khajiit,ActorTypeNPC (Skyrim.esm:013794); IsBeastRace (Skyrim.esm:0D61D1),"Playable, FaceGenHead, Swims, Walks, NoCombatInWater, UsesHeadTrackAnims, AllowPcDialog, AllowPickpocket, CanPickupItems, CanDualWield, UseAdvancedAvoidance",,playable-origin race,extracted
Update.esm,Skyrim.esm:088845,KhajiitRaceVampire,Khajiit,ActorTypeNPC (Skyrim.esm:013794); Vampire (Skyrim.esm:0A82BB); IsBeastRace (Skyrim.esm:0D61D1); ActorTypeUndead (Skyrim.esm:013796),"FaceGenHead, Swims, Walks, NoCombatInWater, UsesHeadTrackAnims, AllowPcDialog, AllowPickpocket, OverlayHeadPartList, CanPickupItems, CanDualWield, UseAdvancedAvoidance",,origin normalization / vampire curse overlay,extracted
Update.esm,Skyrim.esm:10760A,ManakinRace,Nord,ActorTypeNPC (Skyrim.esm:013794),"FaceGenHead, Immobile, AllowPcDialog, AllowPickpocket, CanPickupItems, CanDualWield, UseAdvancedAvoidance",,playable-origin race,extracted
Update.esm,Skyrim.esm:013746,NordRace,Nord,ActorTypeNPC (Skyrim.esm:013794),"Playable, FaceGenHead, Swims, Walks, NoCombatInWater, UsesHeadTrackAnims, AllowPcDialog, AllowPickpocket, CanPickupItems, CanDualWield, UseAdvancedAvoidance",,playable-origin race,extracted
Update.esm,Skyrim.esm:088794,NordRaceVampire,Nord,ActorTypeNPC (Skyrim.esm:013794); Vampire (Skyrim.esm:0A82BB); ActorTypeUndead (Skyrim.esm:013796),"FaceGenHead, Swims, Walks, NoCombatInWater, UsesHeadTrackAnims, AllowPcDialog, AllowPickpocket, OverlayHeadPartList, CanPickupItems, CanDualWield, UseAdvancedAvoidance",,origin normalization / vampire curse overlay,extracted
Update.esm,Skyrim.esm:013747,OrcRace,Orc,ActorTypeNPC (Skyrim.esm:013794),"Playable, FaceGenHead, Swims, Walks, NoCombatInWater, UsesHeadTrackAnims, AllowPcDialog, AllowPickpocket, CanPickupItems, CanDualWield, UseAdvancedAvoidance",,playable-origin race,extracted
Update.esm,Skyrim.esm:0A82B9,OrcRaceVampire,Orc,ActorTypeNPC (Skyrim.esm:013794); Vampire (Skyrim.esm:0A82BB); ActorTypeUndead (Skyrim.esm:013796),"FaceGenHead, Swims, Walks, NoCombatInWater, UsesHeadTrackAnims, AllowPcDialog, AllowPickpocket, OverlayHeadPartList, CanPickupItems, CanDualWield, UseAdvancedAvoidance",,origin normalization / vampire curse overlay,extracted
Update.esm,Skyrim.esm:013748,RedguardRace,Redguard,ActorTypeNPC (Skyrim.esm:013794),"Playable, FaceGenHead, Swims, Walks, NoCombatInWater, UsesHeadTrackAnims, AllowPcDialog, AllowPickpocket, CanPickupItems, CanDualWield, UseAdvancedAvoidance",,playable-origin race,extracted
Update.esm,Skyrim.esm:088846,RedguardRaceVampire,Redguard,ActorTypeNPC (Skyrim.esm:013794); Vampire (Skyrim.esm:0A82BB); ActorTypeUndead (Skyrim.esm:013796),"FaceGenHead, Swims, Walks, NoCombatInWater, UsesHeadTrackAnims, AllowPcDialog, AllowPickpocket, OverlayHeadPartList, CanPickupItems, CanDualWield, UseAdvancedAvoidance",,origin normalization / vampire curse overlay,extracted
Update.esm,Skyrim.esm:1052A3,UndeadDragonRace,Dragon Race,ActorTypeCreature (Skyrim.esm:013795); ActorTypeDragon (Skyrim.esm:035D59); MagicNoReanimate (Skyrim.esm:06F6FB); ImmuneParalysis (Skyrim.esm:0F23C5); NoSoulTrap (Skyrim.esm:103AD2),"Flies, Walks, NotPunishable, NoCombatInWater, UsesHeadTrackAnims, SpellsAlignWithMagicNode, AllowRagdollCollision, CantOpenDoors, AlwaysUseProxyController",,race reference,extracted
Update.esm,Skyrim.esm:013749,WoodElfRace,Wood Elf,ActorTypeNPC (Skyrim.esm:013794),"Playable, FaceGenHead, Swims, Walks, NoCombatInWater, UsesHeadTrackAnims, AllowPcDialog, AllowPickpocket, CanPickupItems, CanDualWield, UseAdvancedAvoidance",,playable-origin race,extracted
Update.esm,Skyrim.esm:088884,WoodElfRaceVampire,Wood Elf,ActorTypeNPC (Skyrim.esm:013794); Vampire (Skyrim.esm:0A82BB); ActorTypeUndead (Skyrim.esm:013796),"FaceGenHead, Swims, Walks, NoCombatInWater, UsesHeadTrackAnims, AllowPcDialog, AllowPickpocket, OverlayHeadPartList, CanPickupItems, CanDualWield, UseAdvancedAvoidance",,origin normalization / vampire curse overlay,extracted
